-- phpMyAdmin SQL Dump
-- version 5.2.1
-- https://www.phpmyadmin.net/
--
-- Host: 127.0.0.1
-- Tempo de geração: 05/12/2023 às 22:39
-- Versão do servidor: 10.4.28-MariaDB
-- Versão do PHP: 8.2.4

SET SQL_MODE = "NO_AUTO_VALUE_ON_ZERO";
START TRANSACTION;
SET time_zone = "+00:00";


/*!40101 SET @OLD_CHARACTER_SET_CLIENT=@@CHARACTER_SET_CLIENT */;
/*!40101 SET @OLD_CHARACTER_SET_RESULTS=@@CHARACTER_SET_RESULTS */;
/*!40101 SET @OLD_COLLATION_CONNECTION=@@COLLATION_CONNECTION */;
/*!40101 SET NAMES utf8mb4 */;

--
-- Banco de dados: `bd_projeto_petshop_att`
--

-- --------------------------------------------------------

--
-- Estrutura para tabela `animal`
--

CREATE TABLE `animal` (
  `id` int(11) NOT NULL,
  `nome` varchar(50) DEFAULT NULL,
  `id_cliente` int(11) DEFAULT NULL,
  `id_especie` int(11) DEFAULT NULL
) ENGINE=InnoDB DEFAULT CHARSET=utf8mb4 COLLATE=utf8mb4_general_ci;

--
-- Despejando dados para a tabela `animal`
--

INSERT INTO `animal` (`id`, `nome`, `id_cliente`, `id_especie`) VALUES
(51, 'Lua', 1, 13),
(52, 'Toddy', 221, 7),
(53, 'Snow', 64, 3),
(54, 'Pingo', 6, 1),
(55, 'Julie', 123, 11),
(56, 'Manu', 61, 4),
(57, 'Lupi', 213, 6),
(58, 'Loki', 207, 4),
(59, 'Toddy', 169, 10),
(60, 'Fred', 273, 7),
(61, 'Spike', 220, 10),
(62, 'Cindy', 209, 8),
(63, 'Bebel', 72, 7),
(64, 'Alfredo', 45, 1),
(65, 'Cléo', 296, 2),
(66, 'Cindy', 242, 2),
(67, 'Zé', 78, 11),
(68, 'Pink', 113, 5),
(69, 'Dexter', 219, 5),
(70, 'Sol', 254, 7),
(71, 'Lady', 29, 2),
(72, 'Sol', 100, 4),
(73, 'Brutus', 286, 12),
(74, 'Marry', 69, 2),
(75, 'Kiara', 35, 12),
(76, 'Mila', 36, 3),
(77, 'Cherry', 247, 13),
(78, 'Chanel', 251, 10),
(79, 'Charlotte', 65, 9),
(80, 'Cléo', 19, 6),
(81, 'Simba', 235, 13),
(82, 'Negão', 166, 12),
(83, 'Maggie', 30, 6),
(84, 'Madonna', 96, 3),
(85, 'Teka', 16, 3),
(86, 'Eros', 53, 5),
(87, 'Juju', 92, 7),
(88, 'Kiko', 242, 9),
(89, 'Hannah', 291, 5),
(90, 'Julie', 194, 3),
(91, 'Pedrita', 160, 11),
(92, 'Bob', 163, 6),
(93, 'Brutus', 130, 1),
(94, 'Shakira', 99, 3),
(95, 'Pucca', 258, 6),
(96, 'Bob', 86, 9),
(97, 'Safira', 180, 5),
(98, 'Cindy', 136, 5),
(99, 'Julie', 88, 4),
(100, 'Chanel', 136, 9),
(101, 'Angel', 235, 11),
(102, 'Cookie', 184, 11),
(103, 'Pucca', 172, 1),
(104, 'Amy', 88, 2),
(105, 'Elvis', 183, 4),
(106, 'Pérola', 58, 5),
(107, 'Lara', 258, 6),
(108, 'Billy', 245, 8),
(109, 'Luke', 147, 7),
(110, 'Duda', 85, 11),
(111, 'Juju', 7, 5),
(112, 'Loki', 233, 5),
(113, 'Lisa', 291, 12),
(114, 'Cristal', 32, 12),
(115, 'Vicky', 84, 11),
(116, 'Malu', 10, 1),
(117, 'Juca', 76, 11),
(118, 'Sheik', 112, 13),
(119, 'Penélope', 85, 11),
(120, 'Princesa', 286, 12),
(121, 'Bolinha', 290, 12),
(122, 'Cherry', 120, 2),
(123, 'Flor', 9, 2),
(124, 'Rocky', 5, 1),
(125, 'Pingo', 203, 4),
(126, 'Chloé', 293, 4),
(127, 'Juca', 234, 5),
(128, 'Toby', 58, 12),
(129, 'Fiona', 119, 11),
(130, 'Zeus', 147, 10),
(131, 'Anne', 245, 4),
(132, 'Vida', 39, 13),
(133, 'Lupi', 21, 7),
(134, 'Pérola', 34, 3),
(135, 'Cindy', 129, 13),
(136, 'Pucca', 145, 3),
(137, 'Chanel', 252, 4),
(138, 'Chanel', 232, 1),
(139, 'Cacau', 234, 12),
(140, 'Bob', 9, 10),
(141, 'Cindy', 89, 6),
(142, 'Rocky', 156, 11),
(143, 'Maya', 104, 12),
(144, 'Mike', 195, 5),
(145, 'Kate', 166, 3),
(146, 'Kika', 71, 12),
(147, 'Mel', 134, 3),
(148, 'Dudu', 212, 5),
(149, 'Brutus', 10, 9),
(150, 'Laika', 66, 6),
(151, 'Pingo', 27, 5),
(152, 'Nico', 198, 11),
(153, 'Ted', 129, 6),
(154, 'Bolinha', 123, 5),
(155, 'Sofie', 289, 4),
(156, 'Pandora', 226, 3),
(157, 'Woody', 187, 9),
(158, 'Flor', 210, 9),
(159, 'Maggie', 14, 3),
(160, 'Lara', 128, 13),
(161, 'Sheik', 16, 12),
(162, 'Princesa', 188, 12),
(163, 'Alfredo', 224, 5),
(164, 'Luna', 31, 8),
(165, 'Mia', 161, 13),
(166, 'Nala', 175, 1),
(167, 'Barth', 209, 10),
(168, 'Vicky', 10, 6),
(169, 'Kate', 72, 5),
(170, 'Frida', 59, 9),
(171, 'Logan', 179, 9),
(172, 'Chanel', 287, 12),
(173, 'Lilica', 52, 6),
(174, 'Lucy', 262, 3),
(175, 'Cristal', 190, 4),
(176, 'Princesa', 90, 1),
(177, 'Pandora', 71, 10),
(178, 'Valentina', 23, 7),
(179, 'Scott', 159, 13),
(180, 'Zeca', 85, 13),
(181, 'Penélope', 208, 2),
(182, 'Alfredo', 120, 3),
(183, 'Pingo', 12, 4),
(184, 'Lady', 139, 8),
(185, 'Dexter', 102, 2),
(186, 'Juju', 187, 11),
(187, 'Cléo', 84, 6),
(188, 'Lisa', 149, 9),
(189, 'Zeca', 247, 11),
(190, 'Chloé', 213, 6),
(191, 'Barth', 149, 4),
(192, 'Flor', 32, 1),
(193, 'Luke', 2, 6),
(194, 'Buddy', 147, 13),
(195, 'Marie', 170, 6),
(196, 'Kiara', 299, 8),
(197, 'Dom', 92, 4),
(198, 'Snow', 294, 9),
(199, 'Bidu', 297, 13),
(200, 'Juju', 192, 10),
(201, 'Floquinho', 64, 9),
(202, 'Floquinho', 123, 10),
(203, 'Max', 183, 13),
(204, 'Tobby', 258, 13),
(205, 'Gucci', 198, 11),
(206, 'Lilica', 261, 12),
(207, 'Chérie', 265, 8),
(208, 'Zeca', 43, 1),
(209, 'Manu', 131, 10),
(210, 'Simba', 298, 13),
(211, 'Kate', 119, 3),
(212, 'Bolota', 160, 4),
(213, 'Tom', 50, 13),
(214, 'Malu', 299, 5),
(215, 'Joe', 254, 6),
(216, 'Billy', 89, 11),
(217, 'Dom', 84, 7),
(218, 'Toby', 10, 3),
(219, 'Lilica', 197, 4),
(220, 'Bebel', 229, 5),
(221, 'Tobby', 99, 8),
(222, 'Vida', 83, 7),
(223, 'Sushi', 232, 10),
(224, 'Lua', 180, 1),
(225, 'Manu', 157, 12),
(226, 'Sol', 276, 5),
(227, 'Angel', 256, 8),
(228, 'Dom', 294, 6),
(229, 'Julie', 196, 9),
(230, 'Sol', 225, 6),
(231, 'Luli', 40, 9),
(232, 'Totó', 53, 11),
(233, 'Zeca', 177, 7),
(234, 'Logan', 207, 5),
(235, 'Belinha', 16, 11),
(236, 'Simba', 132, 4),
(237, 'Frida', 278, 6),
(238, 'Manu', 21, 10),
(239, 'Zeus', 153, 4),
(240, 'Floquinho', 153, 2),
(241, 'Lorde', 193, 11),
(242, 'Nick', 87, 7),
(243, 'Ted', 170, 8),
(244, 'Nina', 26, 13),
(245, 'Loki', 109, 2),
(246, 'Bibi', 1, 3),
(247, 'Luna', 144, 9),
(248, 'Hannah', 60, 1),
(249, 'Belinha', 147, 10),
(250, 'Kiko', 172, 5),
(251, 'Gucci', 129, 8),
(252, 'Nick', 144, 9),
(253, 'Chloé', 11, 5),
(254, 'Mike', 299, 10),
(255, 'Fiona', 1, 2),
(256, 'Manu', 265, 3),
(257, 'Hulk', 31, 11),
(258, 'Scott', 173, 5),
(259, 'Sushi', 114, 2),
(260, 'Boris', 99, 4),
(261, 'Gaya', 257, 9),
(262, 'Zeus', 147, 5),
(263, 'Toddy', 158, 6),
(264, 'Romeu', 32, 13),
(265, 'Lupi', 265, 1),
(266, 'Max', 248, 10),
(267, 'Mila', 193, 2),
(268, 'Lolla', 12, 1),
(269, 'Jimmy', 180, 6),
(270, 'Fiona', 249, 4),
(271, 'Bebel', 108, 7),
(272, 'Thor', 124, 1),
(273, 'Toddy', 3, 4),
(274, 'Kika', 7, 13),
(275, 'Totó', 111, 5),
(276, 'Tequila', 131, 7),
(277, 'Millie', 106, 9),
(278, 'Apolo', 102, 7),
(279, 'Gucci', 184, 11),
(280, 'Brutus', 271, 3),
(281, 'Frida', 280, 5),
(282, 'Pucca', 143, 8),
(283, 'Maggie', 251, 3),
(284, 'Dexter', 20, 2),
(285, 'Lili', 49, 1),
(286, 'Sofie', 262, 5),
(287, 'Nina', 29, 3),
(288, 'Tiffany', 11, 13),
(289, 'Toddy', 33, 10),
(290, 'Lara', 147, 11),
(291, 'Pandora', 50, 8),
(292, 'Jimmy', 116, 5),
(293, 'Charlotte', 130, 12),
(294, 'Bolota', 210, 7),
(295, 'Marry', 276, 4),
(296, 'Zeus', 73, 12),
(297, 'Spike', 2, 12),
(298, 'Tiffany', 207, 2),
(299, 'Zeca', 2, 8),
(300, 'Flor', 165, 8),
(301, 'Luli', 29, 6),
(302, 'Gucci', 255, 3),
(303, 'Penélope', 34, 3),
(304, 'Bolota', 119, 12),
(305, 'Sheik', 19, 7),
(306, 'Duque', 20, 5),
(307, 'Penélope', 110, 13),
(308, 'Romeu', 35, 10),
(309, 'Chloé', 24, 4),
(310, 'Nina', 61, 9),
(311, 'Marie', 50, 5),
(312, 'Chanel', 273, 8),
(313, 'Buddy', 278, 11),
(314, 'Bidu', 276, 3),
(315, 'Sofie', 66, 5),
(316, 'Ruby', 227, 11),
(317, 'Pink', 111, 7),
(318, 'Totó', 241, 5),
(319, 'Pink', 271, 9),
(320, 'Lara', 204, 10),
(321, 'Logan', 129, 13),
(322, 'Pérola', 296, 9),
(323, 'Woody', 10, 8),
(324, 'Bebel', 129, 6),
(325, 'Luke', 138, 10),
(326, 'Lorde', 134, 12),
(327, 'Spike', 120, 3),
(328, 'Pucca', 10, 3),
(329, 'Billy', 156, 12),
(330, 'Lana', 50, 12),
(331, 'Scott', 82, 4),
(332, 'Mel', 229, 6),
(333, 'Joe', 40, 7),
(334, 'Shakira', 227, 13),
(335, 'Ruby', 295, 8),
(336, 'Maggie', 177, 8),
(337, 'Lorde', 279, 3),
(338, 'Tommy', 57, 12),
(339, 'Billy', 22, 11),
(340, 'Bibi', 120, 2),
(341, 'Lana', 136, 13),
(342, 'Amora', 294, 13),
(343, 'Zeus', 245, 10),
(344, 'Pucca', 62, 4),
(345, 'Spike', 224, 3),
(346, 'Jimmy', 193, 3),
(347, 'Duque', 121, 1),
(348, 'Millie', 249, 6),
(349, 'Mia', 187, 10),
(350, 'Toddy', 169, 13),
(351, 'Lolla', 44, 12),
(352, 'Flor', 109, 9),
(353, 'Sol', 273, 13),
(354, 'Maggie', 130, 8),
(355, 'Toddy', 91, 13),
(356, 'Brutus', 100, 11),
(357, 'Millie', 231, 4),
(358, 'Julie', 65, 10),
(359, 'Bidu', 258, 11),
(360, 'Chico', 265, 6),
(361, 'Nala', 152, 12),
(362, 'Bella', 67, 12),
(363, 'Boris', 287, 11),
(364, 'Dom', 217, 13),
(365, 'Rocky', 52, 11),
(366, 'Penélope', 199, 12),
(367, 'Tommy', 130, 6),
(368, 'Kyra', 52, 6),
(369, 'Chloé', 51, 8),
(370, 'Bob', 143, 1),
(371, 'Duda', 97, 5),
(372, 'Laika', 272, 12),
(373, 'Buddy', 20, 7),
(374, 'Boris', 77, 1),
(375, 'Loki', 46, 13),
(376, 'Joe', 179, 3),
(377, 'Belinha', 11, 8),
(378, 'Ruby', 128, 5),
(379, 'Luna', 16, 5),
(380, 'Hannah', 52, 8),
(381, 'Cléo', 106, 8),
(382, 'Maggie', 138, 8),
(383, 'Lolla', 281, 7),
(384, 'Thor', 25, 5),
(385, 'Pedrita', 190, 12),
(386, 'Kika', 37, 6),
(387, 'Tom', 5, 4),
(388, 'Bella', 131, 13),
(389, 'Luke', 44, 1),
(390, 'Scott', 129, 4),
(391, 'Madonna', 111, 4),
(392, 'Ted', 41, 7),
(393, 'Jimmy', 279, 1),
(394, 'Penélope', 221, 7),
(395, 'Chloé', 59, 12),
(396, 'Tobby', 106, 10),
(397, 'Fiona', 125, 2),
(398, 'Kate', 197, 8),
(399, 'Kika', 119, 11),
(400, 'Fred', 238, 9),
(401, 'Zeus', 99, 5),
(402, 'Woody', 143, 12),
(403, 'Ted', 265, 3),
(404, 'Chloé', 124, 4),
(405, 'Pingo', 87, 4),
(406, 'Cookie', 259, 5),
(407, 'Mel', 30, 7),
(408, 'Juju', 84, 11),
(409, 'Marie', 215, 4),
(410, 'Toddy', 136, 9),
(411, 'Loki', 128, 9),
(412, 'Lili', 59, 5),
(413, 'Pedrita', 134, 6),
(414, 'Bibi', 300, 7),
(415, 'Lara', 119, 10),
(416, 'Lupi', 20, 13),
(417, 'Cacau', 170, 9),
(418, 'Eros', 115, 5),
(419, 'Jimmy', 288, 12),
(420, 'Frida', 166, 5),
(421, 'Nala', 45, 11),
(422, 'Buddy', 191, 11),
(423, 'Cristal', 71, 3),
(424, 'Chloé', 264, 4),
(425, 'Madonna', 66, 7),
(426, 'Bebel', 268, 3),
(427, 'Lolla', 275, 12),
(428, 'Gaya', 103, 2),
(429, 'Totó', 263, 3),
(430, 'Totó', 170, 11),
(431, 'Snow', 149, 4),
(432, 'Lara', 89, 2),
(433, 'Nick', 58, 13),
(434, 'Sol', 75, 8),
(435, 'Toby', 65, 11),
(436, 'Lorde', 182, 10),
(437, 'Fred', 40, 3),
(438, 'Laika', 201, 5),
(439, 'Nina', 233, 6),
(440, 'Logan', 258, 11),
(441, 'Malu', 129, 11),
(442, 'Cindy', 119, 6),
(443, 'Mike', 269, 9),
(444, 'Lupi', 232, 12),
(445, 'Totó', 177, 12),
(446, 'Toddy', 259, 5),
(447, 'Teka', 34, 5),
(448, 'Loki', 238, 9),
(449, 'Flor', 174, 13),
(450, 'Penélope', 179, 12),
(451, 'Sheik', 252, 6);

-- --------------------------------------------------------

--
-- Estrutura para tabela `atendimento`
--

CREATE TABLE `atendimento` (
  `id` int(11) NOT NULL,
  `id_animal` int(11) DEFAULT NULL,
  `id_funcionario` int(11) DEFAULT NULL,
  `id_atendimento` int(11) DEFAULT NULL,
  `id_situacao` int(11) DEFAULT NULL,
  `data_atendimento` date DEFAULT NULL,
  `hora_inicio` time DEFAULT NULL,
  `hora_termino` time DEFAULT NULL
) ENGINE=InnoDB DEFAULT CHARSET=utf8mb4 COLLATE=utf8mb4_general_ci;

--
-- Despejando dados para a tabela `atendimento`
--

INSERT INTO `atendimento` (`id`, `id_animal`, `id_funcionario`, `id_atendimento`, `id_situacao`, `data_atendimento`, `hora_inicio`, `hora_termino`) VALUES
(1, 366, 17, 4, 2, '2015-09-13', '14:35:00', '16:41:00'),
(2, 161, 20, 3, 3, '2016-05-11', '08:27:00', '11:39:00'),
(3, 364, 19, 4, 1, '2019-03-08', '09:45:00', '10:50:00'),
(4, 308, 17, 4, 1, '2023-08-12', '13:54:00', '14:44:00'),
(5, 286, 11, 2, 3, '2020-03-01', '10:41:00', '12:36:00'),
(6, 112, 5, 5, 1, '2017-09-18', '09:12:00', '11:51:00'),
(7, 291, 6, 5, 3, '2018-09-14', '10:20:00', '11:03:00'),
(8, 386, 9, 1, 2, '2019-10-11', '09:45:00', '11:19:00'),
(9, 81, 5, 5, 2, '2021-12-17', '10:49:00', '13:56:00'),
(10, 110, 9, 1, 2, '2014-08-27', '11:52:00', '14:45:00'),
(11, 187, 7, 1, 3, '2019-06-24', '13:11:00', '16:02:00'),
(12, 88, 14, 3, 1, '2022-03-13', '14:39:00', '15:11:00'),
(13, 384, 5, 5, 1, '2019-02-18', '12:27:00', '13:26:00'),
(14, 64, 7, 1, 1, '2016-12-09', '08:16:00', '09:37:00'),
(15, 218, 19, 4, 2, '2016-05-18', '10:41:00', '12:19:00'),
(16, 383, 4, 5, 2, '2022-02-09', '09:40:00', '11:17:00'),
(17, 442, 6, 5, 1, '2020-07-07', '09:47:00', '10:53:00'),
(18, 64, 4, 5, 1, '2022-02-26', '08:34:00', '11:22:00'),
(19, 66, 14, 4, 3, '2021-10-03', '14:55:00', '16:56:00'),
(20, 103, 19, 4, 1, '2016-04-03', '12:56:00', '16:07:00'),
(21, 125, 5, 5, 3, '2015-04-22', '08:17:00', '09:47:00'),
(22, 64, 9, 1, 1, '2016-07-14', '09:11:00', '11:13:00'),
(23, 81, 7, 1, 3, '2014-09-02', '14:15:00', '15:03:00'),
(24, 332, 7, 1, 2, '2016-03-12', '09:30:00', '10:05:00'),
(25, 335, 8, 1, 3, '2021-04-23', '09:39:00', '12:38:00'),
(26, 313, 5, 5, 1, '2020-10-16', '09:19:00', '12:29:00'),
(27, 278, 14, 3, 3, '2019-08-26', '11:02:00', '11:27:00'),
(28, 336, 6, 5, 2, '2019-01-01', '12:50:00', '16:07:00'),
(29, 377, 6, 5, 2, '2018-07-07', '13:59:00', '16:31:00'),
(30, 262, 12, 3, 3, '2019-06-24', '09:40:00', '12:58:00'),
(31, 119, 8, 1, 1, '2023-11-03', '10:53:00', '13:26:00'),
(32, 418, 15, 2, 3, '2023-02-16', '14:12:00', '16:52:00'),
(33, 405, 8, 1, 1, '2017-12-27', '10:06:00', '12:42:00'),
(34, 106, 7, 1, 2, '2017-04-12', '12:40:00', '15:24:00'),
(35, 370, 6, 5, 2, '2015-06-26', '11:31:00', '13:44:00'),
(36, 152, 4, 5, 3, '2017-12-24', '14:22:00', '15:43:00'),
(37, 291, 4, 5, 3, '2016-01-10', '12:23:00', '12:50:00'),
(38, 387, 20, 3, 2, '2014-12-18', '09:43:00', '11:48:00'),
(39, 116, 7, 1, 1, '2023-04-07', '11:35:00', '12:38:00'),
(40, 408, 8, 1, 3, '2023-11-09', '11:33:00', '13:21:00'),
(41, 192, 12, 4, 2, '2018-09-24', '08:59:00', '10:42:00'),
(42, 328, 7, 1, 3, '2016-06-14', '08:53:00', '11:35:00'),
(43, 268, 20, 3, 1, '2022-05-22', '09:50:00', '12:56:00'),
(44, 212, 17, 3, 2, '2015-10-08', '10:10:00', '11:44:00'),
(45, 168, 7, 1, 1, '2015-05-04', '08:34:00', '09:54:00'),
(46, 397, 4, 5, 1, '2014-07-21', '08:17:00', '10:21:00'),
(47, 325, 20, 2, 1, '2014-08-30', '12:59:00', '13:58:00'),
(48, 340, 4, 5, 2, '2018-12-31', '13:20:00', '16:00:00'),
(49, 416, 5, 5, 3, '2015-11-28', '14:24:00', '15:22:00'),
(50, 436, 4, 5, 2, '2020-03-07', '09:43:00', '10:35:00'),
(51, 124, 9, 1, 2, '2020-09-01', '14:50:00', '16:43:00'),
(52, 256, 4, 5, 2, '2018-04-21', '09:53:00', '11:18:00'),
(53, 384, 16, 3, 3, '2015-06-22', '13:51:00', '16:26:00'),
(54, 196, 6, 5, 1, '2022-02-18', '09:36:00', '12:28:00'),
(55, 411, 9, 1, 2, '2018-01-10', '11:54:00', '13:32:00'),
(56, 129, 5, 5, 3, '2019-10-24', '13:36:00', '15:02:00'),
(57, 92, 4, 5, 1, '2018-01-02', '08:20:00', '10:09:00'),
(58, 183, 15, 2, 3, '2018-03-13', '08:53:00', '09:43:00'),
(59, 225, 6, 5, 1, '2016-06-30', '13:53:00', '14:52:00'),
(60, 399, 17, 4, 3, '2016-07-24', '12:10:00', '13:37:00'),
(61, 150, 13, 2, 1, '2014-09-16', '09:29:00', '12:49:00'),
(62, 299, 8, 1, 2, '2017-07-09', '10:35:00', '11:28:00'),
(63, 225, 4, 5, 1, '2016-10-28', '14:51:00', '16:31:00'),
(64, 93, 19, 2, 1, '2017-04-05', '10:43:00', '11:27:00'),
(65, 335, 15, 2, 1, '2020-07-22', '14:20:00', '16:19:00'),
(66, 80, 11, 2, 2, '2022-03-17', '14:54:00', '16:22:00'),
(67, 429, 8, 1, 2, '2021-07-29', '13:51:00', '17:07:00'),
(68, 419, 8, 1, 1, '2022-06-03', '10:43:00', '11:29:00'),
(69, 355, 7, 1, 1, '2019-10-09', '09:06:00', '11:49:00'),
(70, 253, 10, 1, 3, '2017-05-10', '08:04:00', '09:02:00'),
(71, 168, 6, 5, 3, '2016-01-30', '08:55:00', '11:13:00'),
(72, 82, 18, 4, 2, '2019-07-03', '13:08:00', '13:51:00'),
(73, 299, 8, 1, 2, '2017-10-18', '13:25:00', '15:20:00'),
(74, 55, 4, 5, 2, '2018-07-10', '10:23:00', '11:54:00'),
(75, 220, 9, 1, 3, '2018-09-11', '08:43:00', '11:21:00'),
(76, 327, 20, 2, 3, '2017-05-23', '10:02:00', '12:03:00'),
(77, 165, 5, 5, 2, '2017-09-28', '10:04:00', '13:07:00'),
(78, 422, 10, 1, 2, '2016-10-23', '13:49:00', '14:30:00'),
(79, 413, 4, 5, 3, '2016-12-21', '10:53:00', '12:47:00'),
(80, 305, 4, 5, 1, '2022-03-18', '08:35:00', '10:23:00'),
(81, 59, 7, 1, 2, '2020-11-09', '10:41:00', '13:12:00'),
(82, 103, 19, 2, 3, '2015-07-04', '11:17:00', '14:31:00'),
(83, 350, 7, 1, 2, '2022-02-14', '10:35:00', '13:20:00'),
(84, 142, 4, 5, 3, '2021-01-23', '08:41:00', '09:43:00'),
(85, 357, 18, 2, 1, '2023-07-26', '12:45:00', '13:10:00'),
(86, 257, 13, 2, 2, '2015-06-19', '14:14:00', '14:56:00'),
(87, 283, 8, 1, 3, '2016-08-13', '09:43:00', '12:02:00'),
(88, 67, 5, 5, 3, '2017-08-30', '08:08:00', '10:37:00'),
(89, 131, 16, 3, 1, '2020-09-21', '09:27:00', '10:37:00'),
(90, 201, 8, 1, 3, '2017-12-31', '08:21:00', '10:31:00'),
(91, 418, 8, 1, 1, '2020-12-04', '08:21:00', '11:25:00'),
(92, 264, 16, 3, 1, '2019-11-20', '10:18:00', '12:52:00'),
(93, 217, 6, 5, 3, '2022-12-03', '08:21:00', '09:20:00'),
(94, 251, 6, 5, 1, '2016-06-02', '09:29:00', '11:59:00'),
(95, 222, 16, 2, 3, '2016-07-16', '08:52:00', '10:43:00'),
(96, 413, 15, 3, 3, '2017-07-19', '10:49:00', '12:54:00'),
(97, 73, 8, 1, 3, '2020-04-24', '08:02:00', '10:34:00'),
(98, 321, 15, 3, 3, '2020-12-28', '11:39:00', '13:02:00'),
(99, 104, 8, 1, 1, '2019-11-10', '13:59:00', '16:45:00'),
(100, 88, 18, 3, 2, '2020-11-10', '08:03:00', '10:13:00'),
(101, 436, 14, 4, 1, '2019-10-12', '11:12:00', '14:23:00'),
(102, 388, 8, 1, 3, '2022-01-31', '08:06:00', '09:56:00'),
(103, 99, 8, 1, 2, '2023-10-21', '13:47:00', '14:36:00'),
(104, 162, 7, 1, 1, '2020-09-08', '11:51:00', '12:38:00'),
(105, 334, 15, 2, 2, '2022-11-12', '13:02:00', '14:28:00'),
(106, 86, 4, 5, 1, '2023-10-09', '14:09:00', '17:02:00'),
(107, 197, 15, 3, 1, '2020-11-11', '08:03:00', '10:49:00'),
(108, 301, 13, 4, 3, '2018-04-12', '13:48:00', '16:55:00'),
(109, 417, 5, 5, 2, '2023-08-28', '14:31:00', '15:49:00'),
(110, 413, 11, 3, 3, '2018-10-23', '12:21:00', '14:17:00'),
(111, 274, 5, 5, 3, '2023-02-26', '11:52:00', '14:50:00'),
(112, 419, 9, 1, 3, '2018-06-20', '11:44:00', '14:28:00'),
(113, 314, 8, 1, 2, '2022-10-18', '10:05:00', '10:59:00'),
(114, 95, 7, 1, 2, '2015-08-05', '11:50:00', '14:08:00'),
(115, 303, 13, 3, 2, '2019-10-21', '09:47:00', '11:53:00'),
(116, 276, 18, 3, 3, '2017-04-10', '12:23:00', '14:35:00'),
(117, 350, 15, 2, 1, '2018-07-07', '10:24:00', '10:51:00'),
(118, 342, 4, 5, 1, '2020-01-12', '11:49:00', '12:41:00'),
(119, 360, 5, 5, 1, '2017-04-25', '10:39:00', '11:47:00'),
(120, 236, 12, 4, 1, '2021-02-15', '08:31:00', '10:05:00'),
(121, 214, 4, 5, 1, '2020-10-21', '11:54:00', '15:00:00'),
(122, 377, 9, 1, 1, '2018-11-30', '09:15:00', '10:59:00'),
(123, 276, 5, 5, 1, '2023-07-25', '12:08:00', '13:37:00'),
(124, 202, 11, 2, 1, '2021-04-19', '14:12:00', '15:25:00'),
(125, 250, 13, 3, 3, '2023-10-09', '13:18:00', '14:00:00'),
(126, 386, 4, 5, 3, '2015-07-18', '08:26:00', '10:41:00'),
(127, 153, 19, 2, 3, '2017-09-15', '09:21:00', '10:12:00'),
(128, 231, 10, 1, 1, '2020-05-12', '11:43:00', '14:08:00'),
(129, 312, 17, 2, 3, '2015-06-11', '11:42:00', '13:23:00'),
(130, 313, 5, 5, 3, '2021-01-30', '08:29:00', '09:09:00'),
(131, 292, 20, 2, 2, '2014-10-30', '08:51:00', '11:47:00'),
(132, 259, 8, 1, 3, '2016-10-13', '11:54:00', '12:42:00'),
(133, 143, 7, 1, 2, '2020-07-01', '11:12:00', '14:29:00'),
(134, 249, 5, 5, 3, '2022-06-13', '09:00:00', '10:10:00'),
(135, 138, 7, 1, 2, '2020-10-21', '14:26:00', '15:35:00'),
(136, 134, 16, 3, 1, '2020-10-12', '08:03:00', '10:30:00'),
(137, 397, 9, 1, 1, '2023-09-19', '14:02:00', '15:58:00'),
(138, 130, 6, 5, 2, '2014-11-29', '08:54:00', '11:13:00'),
(139, 188, 7, 1, 3, '2022-10-20', '09:55:00', '10:20:00'),
(140, 115, 5, 5, 1, '2020-03-02', '09:36:00', '11:25:00'),
(141, 111, 6, 5, 3, '2021-09-14', '14:58:00', '18:08:00'),
(142, 87, 11, 3, 1, '2015-06-21', '12:46:00', '13:33:00'),
(143, 242, 8, 1, 1, '2021-10-04', '08:00:00', '10:37:00'),
(144, 157, 16, 4, 2, '2023-09-04', '08:54:00', '09:52:00'),
(145, 207, 9, 1, 1, '2014-06-23', '12:39:00', '14:38:00'),
(146, 198, 15, 3, 1, '2021-03-04', '08:17:00', '09:19:00'),
(147, 444, 10, 1, 3, '2023-10-27', '10:14:00', '10:59:00'),
(148, 133, 8, 1, 1, '2018-12-14', '14:50:00', '16:28:00'),
(149, 246, 13, 3, 3, '2021-09-17', '14:39:00', '16:10:00'),
(150, 162, 18, 4, 2, '2018-07-19', '09:18:00', '11:28:00'),
(151, 81, 15, 4, 3, '2020-09-17', '10:48:00', '13:46:00'),
(152, 348, 16, 4, 3, '2016-05-12', '11:11:00', '12:49:00'),
(153, 368, 5, 5, 2, '2020-06-25', '08:39:00', '10:50:00'),
(154, 193, 8, 1, 2, '2020-12-23', '12:41:00', '13:42:00'),
(155, 117, 13, 2, 3, '2021-09-18', '08:19:00', '10:47:00'),
(156, 84, 4, 5, 1, '2023-06-11', '09:00:00', '10:21:00'),
(157, 363, 15, 4, 2, '2021-05-17', '14:41:00', '17:13:00'),
(158, 399, 5, 5, 1, '2019-02-09', '13:14:00', '15:32:00'),
(159, 314, 11, 4, 2, '2021-06-17', '12:14:00', '13:44:00'),
(160, 318, 5, 5, 2, '2020-07-20', '10:43:00', '12:43:00'),
(161, 83, 6, 5, 1, '2022-12-20', '12:59:00', '13:33:00'),
(162, 147, 10, 1, 1, '2016-10-15', '09:19:00', '12:39:00'),
(163, 430, 16, 2, 3, '2019-02-08', '12:33:00', '13:27:00'),
(164, 404, 6, 5, 1, '2020-04-22', '13:10:00', '14:04:00'),
(165, 434, 5, 5, 2, '2019-08-24', '09:23:00', '11:56:00'),
(166, 148, 8, 1, 2, '2022-11-06', '08:35:00', '09:06:00'),
(167, 150, 10, 1, 3, '2020-04-17', '10:29:00', '13:44:00'),
(168, 384, 5, 5, 2, '2021-07-09', '12:19:00', '13:19:00'),
(169, 125, 5, 5, 1, '2019-10-18', '09:21:00', '12:31:00'),
(170, 293, 7, 1, 2, '2017-05-15', '11:51:00', '12:28:00'),
(171, 253, 20, 4, 1, '2017-03-13', '11:59:00', '14:36:00'),
(172, 372, 11, 2, 2, '2019-11-03', '14:14:00', '16:25:00'),
(173, 217, 7, 1, 2, '2014-06-08', '11:40:00', '14:05:00'),
(174, 247, 8, 1, 2, '2022-12-06', '11:33:00', '12:46:00'),
(175, 435, 4, 5, 1, '2015-08-11', '08:51:00', '10:03:00'),
(176, 251, 4, 5, 1, '2022-11-30', '13:26:00', '15:17:00'),
(177, 71, 11, 2, 3, '2016-04-23', '13:08:00', '16:17:00'),
(178, 419, 6, 5, 2, '2018-10-06', '12:57:00', '15:37:00'),
(179, 56, 7, 1, 2, '2016-06-29', '13:55:00', '15:51:00'),
(180, 65, 14, 4, 2, '2022-09-24', '09:34:00', '11:07:00'),
(181, 114, 7, 1, 3, '2021-07-23', '11:45:00', '13:46:00'),
(182, 146, 4, 5, 3, '2017-02-19', '13:26:00', '15:17:00'),
(183, 178, 12, 4, 2, '2015-07-10', '14:13:00', '16:27:00'),
(184, 236, 6, 5, 1, '2014-05-04', '10:37:00', '12:24:00'),
(185, 293, 8, 1, 1, '2022-02-19', '08:19:00', '10:03:00'),
(186, 247, 8, 1, 1, '2017-03-06', '09:37:00', '10:02:00'),
(187, 178, 4, 5, 2, '2022-05-04', '14:50:00', '17:40:00'),
(188, 71, 6, 5, 2, '2020-05-16', '12:45:00', '14:56:00'),
(189, 137, 16, 2, 1, '2015-09-04', '09:04:00', '09:35:00'),
(190, 252, 5, 5, 2, '2020-11-26', '14:09:00', '17:25:00'),
(191, 152, 7, 1, 2, '2014-11-22', '14:29:00', '17:38:00'),
(192, 274, 9, 1, 3, '2017-10-18', '12:03:00', '13:13:00'),
(193, 96, 10, 1, 2, '2014-08-28', '08:36:00', '10:12:00'),
(194, 317, 11, 4, 2, '2021-03-30', '11:48:00', '13:06:00'),
(195, 117, 6, 5, 3, '2014-04-02', '13:28:00', '14:26:00'),
(196, 309, 17, 2, 3, '2015-10-26', '10:12:00', '13:07:00'),
(197, 337, 10, 1, 1, '2023-03-28', '11:28:00', '12:37:00'),
(198, 407, 19, 3, 1, '2023-04-01', '13:05:00', '15:49:00'),
(199, 391, 7, 1, 2, '2017-08-06', '10:14:00', '10:51:00'),
(200, 435, 6, 5, 2, '2014-03-08', '14:40:00', '16:39:00'),
(201, 109, 5, 5, 2, '2015-04-11', '12:00:00', '13:35:00'),
(202, 314, 9, 1, 2, '2021-10-26', '08:57:00', '10:35:00'),
(203, 331, 15, 3, 3, '2019-12-29', '14:03:00', '16:21:00'),
(204, 366, 7, 1, 1, '2016-11-02', '09:45:00', '11:03:00'),
(205, 387, 5, 5, 1, '2022-02-07', '08:11:00', '10:46:00'),
(206, 293, 10, 1, 1, '2018-11-25', '10:32:00', '11:59:00'),
(207, 375, 19, 3, 3, '2015-07-01', '14:11:00', '16:18:00'),
(208, 157, 6, 5, 1, '2022-06-01', '11:02:00', '13:34:00'),
(209, 145, 6, 5, 1, '2021-11-20', '14:17:00', '17:28:00'),
(210, 127, 9, 1, 2, '2014-07-26', '10:36:00', '12:50:00'),
(211, 299, 14, 4, 1, '2022-06-18', '13:28:00', '13:53:00'),
(212, 384, 12, 3, 1, '2021-02-06', '14:00:00', '15:03:00'),
(213, 221, 7, 1, 2, '2017-08-30', '14:35:00', '15:49:00'),
(214, 84, 10, 1, 1, '2022-12-20', '11:11:00', '12:49:00'),
(215, 379, 17, 4, 1, '2021-06-14', '13:16:00', '14:01:00'),
(216, 368, 9, 1, 2, '2017-07-24', '13:50:00', '15:05:00'),
(217, 64, 9, 1, 3, '2022-10-24', '10:29:00', '12:54:00'),
(218, 177, 9, 1, 1, '2018-04-10', '14:46:00', '16:17:00'),
(219, 185, 15, 2, 3, '2014-02-22', '13:38:00', '15:10:00'),
(220, 164, 4, 5, 1, '2020-05-20', '08:37:00', '09:17:00'),
(221, 140, 14, 3, 3, '2017-04-29', '09:30:00', '11:22:00'),
(222, 60, 10, 1, 2, '2013-12-15', '12:48:00', '14:55:00'),
(223, 115, 7, 1, 1, '2013-12-21', '12:43:00', '14:13:00'),
(224, 175, 12, 2, 1, '2023-01-06', '13:02:00', '14:02:00'),
(225, 437, 7, 1, 1, '2021-12-03', '14:34:00', '16:28:00'),
(226, 132, 20, 2, 3, '2014-03-17', '14:50:00', '17:33:00'),
(227, 150, 14, 4, 3, '2016-11-22', '14:05:00', '17:17:00'),
(228, 159, 12, 2, 3, '2022-09-03', '14:37:00', '16:27:00'),
(229, 151, 20, 4, 1, '2022-03-16', '12:14:00', '13:02:00'),
(230, 82, 8, 1, 2, '2022-02-01', '14:19:00', '15:20:00'),
(231, 241, 9, 1, 1, '2014-10-02', '11:54:00', '13:30:00'),
(232, 263, 19, 3, 1, '2020-03-14', '08:43:00', '09:49:00'),
(233, 53, 9, 1, 2, '2014-05-05', '09:49:00', '11:36:00'),
(234, 93, 5, 5, 3, '2021-07-04', '12:28:00', '13:21:00'),
(235, 415, 20, 2, 2, '2022-09-11', '09:29:00', '11:10:00'),
(236, 231, 5, 5, 1, '2021-07-06', '08:11:00', '08:59:00'),
(237, 123, 16, 4, 3, '2021-02-18', '08:32:00', '10:13:00'),
(238, 438, 15, 2, 1, '2016-07-22', '10:22:00', '12:38:00'),
(239, 310, 6, 5, 1, '2022-08-01', '09:07:00', '11:26:00'),
(240, 273, 12, 3, 1, '2020-02-08', '10:12:00', '11:17:00'),
(241, 223, 5, 5, 2, '2020-11-07', '12:24:00', '15:29:00'),
(242, 207, 7, 1, 1, '2015-01-01', '13:34:00', '14:44:00'),
(243, 315, 6, 5, 3, '2015-08-16', '12:01:00', '13:37:00'),
(244, 143, 8, 1, 3, '2018-03-05', '10:33:00', '12:55:00'),
(245, 165, 8, 1, 3, '2014-05-03', '14:13:00', '17:02:00'),
(246, 74, 17, 3, 1, '2018-11-26', '08:23:00', '08:56:00'),
(247, 314, 6, 5, 3, '2021-04-22', '13:18:00', '16:35:00'),
(248, 392, 12, 2, 3, '2018-07-05', '14:19:00', '14:58:00'),
(249, 295, 5, 5, 1, '2015-05-21', '10:09:00', '12:16:00'),
(250, 375, 9, 1, 2, '2023-07-23', '10:45:00', '13:05:00'),
(251, 133, 14, 2, 1, '2016-03-01', '12:03:00', '14:28:00'),
(252, 420, 20, 4, 1, '2017-06-20', '12:57:00', '13:58:00'),
(253, 229, 16, 3, 2, '2018-02-14', '12:07:00', '13:14:00'),
(254, 355, 5, 5, 2, '2023-11-10', '08:48:00', '09:19:00'),
(255, 435, 9, 1, 1, '2019-06-23', '10:52:00', '12:06:00'),
(256, 76, 4, 5, 3, '2014-07-31', '11:07:00', '13:06:00'),
(257, 149, 4, 5, 1, '2019-11-17', '13:47:00', '15:34:00'),
(258, 289, 9, 1, 3, '2019-10-30', '13:57:00', '15:42:00'),
(259, 125, 15, 4, 3, '2014-09-17', '11:34:00', '14:07:00'),
(260, 212, 4, 5, 1, '2023-11-09', '13:08:00', '13:49:00'),
(261, 193, 19, 2, 3, '2022-10-08', '10:14:00', '13:01:00'),
(262, 401, 10, 1, 2, '2022-12-05', '14:01:00', '14:49:00'),
(263, 185, 17, 4, 1, '2015-07-30', '09:01:00', '10:31:00'),
(264, 166, 10, 1, 3, '2022-07-07', '13:54:00', '14:55:00'),
(265, 124, 16, 3, 2, '2015-07-09', '14:08:00', '15:02:00'),
(266, 148, 17, 3, 2, '2016-01-05', '11:23:00', '13:15:00'),
(267, 417, 16, 2, 3, '2015-09-15', '11:19:00', '12:24:00'),
(268, 119, 6, 5, 2, '2021-09-07', '09:53:00', '10:24:00'),
(269, 121, 18, 2, 1, '2015-06-30', '11:46:00', '12:33:00'),
(270, 91, 20, 4, 2, '2017-08-12', '13:20:00', '14:59:00'),
(271, 283, 10, 1, 2, '2022-07-04', '14:59:00', '16:19:00'),
(272, 447, 6, 5, 1, '2017-12-01', '11:45:00', '12:22:00'),
(273, 197, 10, 1, 3, '2022-08-31', '12:07:00', '14:25:00'),
(274, 150, 6, 5, 3, '2020-03-08', '09:09:00', '10:25:00'),
(275, 282, 8, 1, 2, '2021-09-07', '13:24:00', '15:12:00'),
(276, 198, 7, 1, 3, '2022-03-11', '10:09:00', '10:53:00'),
(277, 371, 10, 1, 2, '2021-09-23', '13:26:00', '14:46:00'),
(278, 417, 9, 1, 1, '2023-01-30', '11:02:00', '12:02:00'),
(279, 76, 14, 2, 3, '2015-01-15', '12:47:00', '13:16:00'),
(280, 146, 8, 1, 2, '2017-09-09', '14:06:00', '15:21:00'),
(281, 345, 6, 5, 3, '2019-03-30', '12:13:00', '14:23:00'),
(282, 70, 13, 3, 3, '2022-09-03', '10:34:00', '11:39:00'),
(283, 417, 16, 2, 2, '2017-10-25', '12:26:00', '12:55:00'),
(284, 340, 14, 4, 1, '2016-05-29', '13:34:00', '16:31:00'),
(285, 297, 4, 5, 1, '2016-04-01', '09:16:00', '11:56:00'),
(286, 67, 6, 5, 2, '2015-08-08', '10:02:00', '13:22:00'),
(287, 420, 15, 2, 3, '2023-01-20', '11:56:00', '13:04:00'),
(288, 263, 10, 1, 2, '2020-08-05', '11:45:00', '13:46:00'),
(289, 105, 10, 1, 2, '2021-05-16', '11:02:00', '11:42:00'),
(290, 177, 16, 3, 1, '2015-11-18', '13:35:00', '16:36:00'),
(291, 364, 8, 1, 3, '2015-08-18', '10:28:00', '11:50:00'),
(292, 69, 7, 1, 3, '2014-02-09', '11:04:00', '13:04:00'),
(293, 55, 9, 1, 2, '2015-06-22', '08:32:00', '10:59:00'),
(294, 274, 5, 5, 1, '2022-04-20', '11:14:00', '12:46:00'),
(295, 391, 15, 4, 2, '2014-10-08', '13:16:00', '14:13:00'),
(296, 297, 7, 1, 2, '2023-03-08', '14:30:00', '15:50:00'),
(297, 360, 10, 1, 3, '2017-04-03', '09:30:00', '10:20:00'),
(298, 102, 9, 1, 2, '2019-09-26', '12:14:00', '14:01:00'),
(299, 418, 9, 1, 3, '2023-06-17', '08:16:00', '08:59:00'),
(300, 161, 19, 2, 2, '2016-12-20', '13:50:00', '14:35:00');

-- --------------------------------------------------------

--
-- Estrutura para tabela `cargo`
--

CREATE TABLE `cargo` (
  `id` int(11) NOT NULL,
  `nome_cargo` varchar(150) DEFAULT NULL
) ENGINE=InnoDB DEFAULT CHARSET=utf8mb4 COLLATE=utf8mb4_general_ci;

--
-- Despejando dados para a tabela `cargo`
--

INSERT INTO `cargo` (`id`, `nome_cargo`) VALUES
(1, 'Recepcionista'),
(2, 'Cirurgião'),
(3, 'Profissional de Consulta'),
(4, 'Profissional de Banho e Tosa'),
(5, 'Serviços Gerais'),
(6, 'Recreador');

-- --------------------------------------------------------

--
-- Estrutura para tabela `cidade`
--

CREATE TABLE `cidade` (
  `id` int(11) NOT NULL,
  `nome` varchar(150) DEFAULT NULL,
  `id_uf` int(11) DEFAULT NULL
) ENGINE=InnoDB DEFAULT CHARSET=utf8mb4 COLLATE=utf8mb4_general_ci;

--
-- Despejando dados para a tabela `cidade`
--

INSERT INTO `cidade` (`id`, `nome`, `id_uf`) VALUES
(1, 'Marília', 26),
(2, 'São Carlos', 26),
(3, 'Juazeiro do Norte', 6),
(4, 'Santo André', 26),
(5, 'Álvares Machado', 26),
(6, 'Cuiabá', 13),
(7, 'Bofete', 26),
(8, 'Maceió', 2),
(9, 'Anápolis', 9),
(10, 'Embu', 26),
(11, 'Marabá', 14),
(12, 'Dourados', 12),
(13, 'Ribeirão Pires', 26),
(14, 'Embu das Artes', 26),
(15, 'Mongaguá', 26),
(16, 'Suzano', 26),
(17, 'Volta Redonda', 19),
(18, 'Juquitiba', 26),
(19, 'Barra do Turvo', 26),
(20, 'Biritiba Mirim', 26),
(21, 'Pouso Alegre', 11),
(22, 'Santa Bárbara do Oeste', 26),
(23, 'Analândia', 26),
(24, 'Alto Alegre', 26),
(25, 'Caxias do Sul', 23),
(26, 'Barão de Antonina', 26),
(27, 'Jandira', 26),
(28, 'Ibiúna', 26),
(29, 'Uberlândia', 11),
(30, 'Aparecida', 26),
(31, 'Jaboticabal', 26),
(32, 'Divinópolis', 11),
(33, 'Diadema', 26),
(34, 'Ananindeua', 14),
(35, 'Adamantina', 26),
(36, 'Alvinlândia', 26),
(37, 'Resende', 19),
(38, 'Araçatuba', 26),
(39, 'Votuporanga', 26),
(40, 'Orlândia', 26),
(41, 'Itajubá', 11),
(42, 'Natal', 20),
(43, 'Bauru', 26),
(44, 'Caieiras', 26),
(45, 'Goiânia', 9),
(46, 'Aguaí', 26),
(47, 'Praia Grande', 26),
(48, 'Ilha Comprida', 26),
(49, 'Águas de Santa Bárbara', 26),
(50, 'Matão', 26),
(51, 'Apiaí', 26),
(52, 'Artur Nogueira', 26),
(53, 'Ipatinga', 11),
(54, 'Itabaiana', 25),
(55, 'Itapecerica da Serra', 26),
(56, 'Peruíbe', 26),
(57, 'Araçariguama', 26),
(58, 'Ubatuba', 26),
(59, 'Presidente Prudente', 26),
(60, 'Altair', 26),
(61, 'Franco da Rocha', 26),
(62, 'Amparo', 26),
(63, 'São Sebastião', 26),
(64, 'Águas de São Pedro', 26),
(65, 'Vitória', 8),
(66, 'Aramina', 26),
(67, 'Lavras', 11),
(68, 'Curitiba', 18),
(69, 'Santa Rita', 15),
(70, 'Anhembi', 26),
(71, 'Mogi das Cruzes', 26),
(72, 'Alumínio', 26),
(73, 'Palmas', 27),
(74, 'Mauá', 26),
(75, 'Sorocaba', 26),
(76, 'Araguaína', 27),
(77, 'Balbinos', 26),
(78, 'Igarapava', 26),
(79, 'Jundiaí', 26),
(80, 'Américo Brasiliense', 26),
(81, 'Mococa', 26),
(82, 'João Pessoa', 15),
(83, 'Américo de Campos', 26),
(84, 'Ribeirão Preto', 26),
(85, 'Belo Horizonte', 11),
(86, 'Jaú', 26),
(87, 'Aracaju', 25),
(88, 'Limeira', 26),
(89, 'Ituverava', 26),
(90, 'Campos do Jordão', 26),
(91, 'Aspásia', 26),
(92, 'Iguape', 26),
(93, 'Taboão da Serra', 26),
(94, 'Manaus', 3),
(95, 'Varginha', 11),
(96, 'Porto Feliz', 26),
(97, 'Niterói', 19),
(98, 'Guajará-Mirim', 21),
(99, 'Sarapuí', 26),
(100, 'Barrinha', 26),
(101, 'Bragança Paulista', 26),
(102, 'Cabreúva', 26),
(103, 'Ipuã', 26),
(104, 'Francisco Morato', 26),
(105, 'Campos dos Goytacazes', 19),
(106, 'Uberaba', 11),
(107, 'Pirapora do Bom Jesus', 26),
(108, 'Álvares Florence', 26),
(109, 'Arapiraca', 2),
(110, 'São José dos Campos', 26),
(111, 'Sumaré', 26),
(112, 'Florianópolis', 24),
(113, 'Vila Velha', 8),
(114, 'Ilhabela', 26),
(115, 'Caraguatatuba', 26),
(116, 'Registro', 26),
(117, 'Nova Odessa', 26),
(118, 'Araçoiaba da Serra', 26),
(119, 'Arapeí', 26),
(120, 'Andradina', 26),
(121, 'Bilac', 26),
(122, 'Álvaro de Carvalho', 26),
(123, 'Bebedouro', 26),
(124, 'São Luís', 10),
(125, 'Porto Alegre', 23),
(126, 'Guarujá', 26),
(127, 'Santa Isabel', 26),
(128, 'Cubatão', 26),
(129, 'Águas de Lindóia', 26),
(130, 'Feira de Santana', 5),
(131, 'Bálsamo', 26),
(132, 'Valinhos', 26),
(133, 'Sena Madureira', 1),
(134, 'Salesópolis', 26),
(135, 'Bariri', 26),
(136, 'Mairinque', 26),
(137, 'São Joaquim da Barra', 26),
(138, 'Ferraz de Vasconcelos', 26),
(139, 'Bananal', 26),
(140, 'Barretos', 26),
(141, 'Brasília', 7),
(142, 'Barra Bonita', 26),
(143, 'Areiópolis', 26),
(144, 'Bady Bassitt', 26),
(145, 'Ourinhos', 26),
(146, 'Vinhedo', 26),
(147, 'Picos', 17),
(148, 'Biritiba-Mirim', 26),
(149, 'Itapevi', 26),
(150, 'Alambari', 26),
(151, 'Arandu', 26),
(152, 'Arealva', 26),
(153, 'Parnamirim', 20),
(154, 'Três Corações', 11),
(155, 'Cotia', 26),
(156, 'Bernardino de Campos', 26),
(157, 'Recife', 16),
(158, 'Americana', 26),
(159, 'Atibaia', 26),
(160, 'Avaí', 26),
(161, 'Teresina', 17),
(162, 'Sinop', 13),
(163, 'Alfredo Marcondes', 26),
(164, 'Bom Sucesso de Itararé', 26),
(165, 'Belém', 14),
(166, 'Governador Valadares', 11),
(167, 'Poços de Caldas', 11),
(168, 'Cacoal', 21),
(169, 'Bastos', 26),
(170, 'Camanducaia', 11),
(171, 'Itaquaquecetuba', 26),
(172, 'Londrina', 18),
(173, 'Itu', 26),
(174, 'Santa Rita do Sapucaí', 11),
(175, 'Boa Esperança do Sul', 26),
(176, 'Campinas', 26),
(177, 'Votorantim', 26),
(178, 'Franca', 26),
(179, 'Barreiras', 5),
(180, 'Imperatriz', 10),
(181, 'São Paulo', 26),
(182, 'Barra do Chapéu', 26),
(183, 'Batatais', 26),
(184, 'Barbosa', 26),
(185, 'Arco-Íris', 26),
(186, 'Boituva', 26),
(187, 'São Roque', 26),
(188, 'Ariranha', 26),
(189, 'Cajamar', 26),
(190, 'Montes Claros', 11),
(191, 'Fortaleza', 6),
(192, 'Rio de Janeiro', 19),
(193, 'Itanhaém', 26),
(194, 'São José do Rio Preto', 26),
(195, 'Lençóis Paulista', 26),
(196, 'Passos', 11),
(197, 'Bertioga', 26),
(198, 'Salto de Pirapora', 26),
(199, 'Bento de Abreu', 26),
(200, 'Campo Grande', 12),
(201, 'Bom Jesus dos Perdões', 26),
(202, 'Petrópolis', 19),
(203, 'Embu-Guaçu', 26),
(204, 'Aparecida do Oeste', 26),
(205, 'Itacoatiara', 3),
(206, 'Rio Branco', 1),
(207, 'Juiz de Fora', 11),
(208, 'Araraquara', 26),
(209, 'Rondonópolis', 13),
(210, 'Nova Friburgo', 19),
(211, 'Rio Grande da Serra', 26),
(212, 'Gramado', 23),
(213, 'Mairiporã', 26),
(214, 'Osasco', 26),
(215, 'Guarulhos', 26),
(216, 'São Vicente', 26),
(217, 'Cananéia', 26),
(218, 'Anhumas', 26),
(219, 'Águas Claras', 7),
(220, 'Vargem Grande Paulista', 26),
(221, 'Macapá', 4),
(222, 'Guararema', 26),
(223, 'Agudos', 26),
(224, 'Indaiatuba', 26),
(225, 'São Bernardo do Campo', 26),
(226, 'Araras', 26),
(227, 'Angatuba', 26),
(228, 'Areias', 26),
(229, 'Avaré', 26),
(230, 'Lins', 26),
(231, 'Balneário Camboriú', 24),
(232, 'Barra Mansa', 19),
(233, 'Piracicaba', 26),
(234, 'Salto', 26),
(235, 'Águas da Prata', 26),
(236, 'Poá', 26),
(237, 'Bocaina', 26),
(238, 'Porto Velho', 21),
(239, 'Arujá', 26),
(240, 'Barueri', 26),
(241, 'Boa Vista', 22),
(242, 'Lauro de Freitas', 5),
(243, 'Adolfo', 26),
(244, 'Tupã', 26),
(245, 'Auriflama', 26),
(246, 'Altinópolis', 26),
(247, 'São Caetano do Sul', 26),
(248, 'Guaíra', 26),
(249, 'Salvador', 5),
(250, 'Santos', 26),
(251, 'Assis', 26),
(252, 'Avanhandava', 26),
(253, 'Birigui', 26),
(254, 'Botucatu', 26),
(255, 'Carapicuíba', 26);

-- --------------------------------------------------------

--
-- Estrutura para tabela `cliente`
--

CREATE TABLE `cliente` (
  `id` int(11) NOT NULL,
  `nome` varchar(150) DEFAULT NULL,
  `id_cidade` int(11) DEFAULT NULL,
  `telefone` varchar(15) DEFAULT NULL
) ENGINE=InnoDB DEFAULT CHARSET=utf8mb4 COLLATE=utf8mb4_general_ci;

--
-- Despejando dados para a tabela `cliente`
--

INSERT INTO `cliente` (`id`, `nome`, `id_cidade`, `telefone`) VALUES
(1, 'Clara', 31, '214107070'),
(2, 'Maria Alice', 202, '609109234'),
(3, 'Joaquim', 28, '167845423'),
(4, 'Lorena', 244, '195100303'),
(5, 'Maria Clara', 123, '513024970'),
(6, 'Eduardo', 200, '921532230'),
(7, 'Helena', 190, '826653601'),
(8, 'Aurora', 125, '350319490'),
(9, 'Antonella', 164, '346619687'),
(10, 'Joaõ Miguel', 103, '992954247'),
(11, 'Beatriz', 145, '134073520'),
(12, 'Ayla', 141, '793962618'),
(13, 'Vicente', 36, '784479354'),
(14, 'Bernardo', 226, '186858101'),
(15, 'Pietro', 154, '858101754'),
(16, 'Bernardo', 122, '475988762'),
(17, 'Lara', 182, '614479516'),
(18, 'Lucas', 141, '715338416'),
(19, 'Alícia', 80, '370497391'),
(20, 'Benício', 166, '494256058'),
(21, 'Leonardo', 136, '122905884'),
(22, 'Ayla', 196, '634964204'),
(23, 'Maria Helena', 199, '797635675'),
(24, 'Davi Lucca', 220, '381167928'),
(25, 'Olívia', 212, '649618024'),
(26, 'José', 73, '551402379'),
(27, 'Ana Clara', 59, '875060241'),
(28, 'Henrique', 246, '681487473'),
(29, 'Luna', 253, '990493114'),
(30, 'Giovanna', 46, '870373772'),
(31, 'Mariana', 22, '113708057'),
(32, 'Ana Clara', 88, '210390293'),
(33, 'Leonardo', 205, '958290135'),
(34, 'Levi', 175, '979715432'),
(35, 'Giovanna', 200, '562148890'),
(36, 'Sophia', 250, '298718054'),
(37, 'Lívia', 37, '152492617'),
(38, 'Alícia', 227, '918887524'),
(39, 'Ravi', 234, '257387111'),
(40, 'Yasmin', 39, '765990269'),
(41, 'Henrique', 110, '564831299'),
(42, 'Isis', 32, '274301334'),
(43, 'Clara', 116, '684975601'),
(44, 'Benjamin', 55, '515446224'),
(45, 'Cecília', 73, '319840661'),
(46, 'Elisa', 224, '955908121'),
(47, 'Esther', 188, '876002154'),
(48, 'Alícia', 32, '167919233'),
(49, 'Lorena', 233, '383854024'),
(50, 'Maria Luísa', 5, '856292468'),
(51, 'Caio', 255, '112413817'),
(52, 'Catarina', 68, '560341811'),
(53, 'Aurora', 75, '647814711'),
(54, 'Henry', 34, '132063784'),
(55, 'Sophia', 154, '740925239'),
(56, 'Bernardo', 39, '917801328'),
(57, 'Ayla', 212, '579198561'),
(58, 'Felipe', 89, '384721131'),
(59, 'Clara', 146, '164921664'),
(60, 'Gustavo', 204, '580860770'),
(61, 'Gabriel', 159, '816064526'),
(62, 'Lucca', 74, '809659126'),
(63, 'Levi', 236, '372686788'),
(64, 'Guilherme', 95, '411463182'),
(65, 'Isaac', 75, '958170883'),
(66, 'Maria Alice', 210, '662969062'),
(67, 'Benício', 211, '321393759'),
(68, 'Lorenzo', 104, '170861969'),
(69, 'João Lucas', 62, '908397466'),
(70, 'Arthur', 120, '190729066'),
(71, 'Gael', 64, '933077415'),
(72, 'Antonella', 232, '271936893'),
(73, 'Esther', 219, '919044243'),
(74, 'Alícia', 69, '892728524'),
(75, 'Eduardo', 38, '586182980'),
(76, 'Helena', 151, '465669248'),
(77, 'Samuel', 120, '847356663'),
(78, 'Melissa', 161, '220550399'),
(79, 'Antônio', 95, '640192417'),
(80, 'Benício', 53, '489345420'),
(81, 'Levi', 176, '686106379'),
(82, 'Luna', 31, '681202044'),
(83, 'Guilherme', 32, '955246119'),
(84, 'Laura', 250, '458763052'),
(85, 'Liz', 149, '124467001'),
(86, 'Samuel', 210, '566796669'),
(87, 'Maria Helena', 112, '567782696'),
(88, 'Samuel', 204, '837453960'),
(89, 'Clara', 5, '896424079'),
(90, 'Melissa', 37, '406551580'),
(91, 'Beatriz', 163, '843135756'),
(92, 'Pedro Henrique', 63, '184613794'),
(93, 'Caleb', 229, '994099398'),
(94, 'Bryan', 63, '159949637'),
(95, 'Gael', 92, '449824114'),
(96, 'Beatriz', 113, '805605158'),
(97, 'Rebecca', 62, '778558906'),
(98, 'Sophia', 159, '643062037'),
(99, 'Noah', 241, '327429135'),
(100, 'Benício', 53, '106456858'),
(101, 'Caleb', 166, '239256691'),
(102, 'Isabella', 38, '783051236'),
(103, 'João', 145, '221363497'),
(104, 'Lavínia', 249, '396199118'),
(105, 'Guilherme', 52, '118968628'),
(106, 'Caio', 132, '509148735'),
(107, 'Isis', 76, '651817670'),
(108, 'Joaõ Miguel', 150, '442248127'),
(109, 'Joaõ Miguel', 77, '783558652'),
(110, 'Théo', 50, '449022432'),
(111, 'João Lucas', 225, '681251946'),
(112, 'Agatha', 240, '968683747'),
(113, 'Bento', 126, '334382160'),
(114, 'Isis', 15, '392342370'),
(115, 'João', 23, '919444627'),
(116, 'Lorena', 141, '787374118'),
(117, 'Rebecca', 231, '256828486'),
(118, 'Matteo', 30, '397672700'),
(119, 'Agatha', 57, '144325307'),
(120, 'Eloá', 148, '673690041'),
(121, 'Alice', 248, '637428337'),
(122, 'Catarina', 227, '785418867'),
(123, 'Caleb', 166, '774711869'),
(124, 'Leonardo', 21, '747165075'),
(125, 'Clara', 145, '114559121'),
(126, 'Cecília', 147, '173220742'),
(127, 'Cecília', 44, '812373770'),
(128, 'Matheus', 77, '419510167'),
(129, 'Luna', 254, '133126917'),
(130, 'Maria', 3, '765634223'),
(131, 'Maya', 134, '470036172'),
(132, 'Sarah', 239, '550280468'),
(133, 'Rafael', 154, '168578489'),
(134, 'Gustavo', 73, '369052701'),
(135, 'Joaquim', 80, '859526337'),
(136, 'Pedro Henrique', 243, '301918639'),
(137, 'João Lucas', 45, '301337146'),
(138, 'Arthur', 74, '586856888'),
(139, 'Júlia', 75, '364684570'),
(140, 'Emanuel', 139, '230452509'),
(141, 'Daniel', 140, '367441694'),
(142, 'Maya', 21, '560774665'),
(143, 'José', 106, '922793189'),
(144, 'Henry', 112, '584156264'),
(145, 'Arthur', 116, '541687249'),
(146, 'Benício', 64, '591303861'),
(147, 'Leonardo', 187, '610882903'),
(148, 'Maria Clara', 192, '464941252'),
(149, 'Bernardo', 145, '577307624'),
(150, 'Júlia', 177, '404475138'),
(151, 'Maria Alice', 96, '467773222'),
(152, 'Alícia', 87, '105686074'),
(153, 'Olívia', 156, '378091661'),
(154, 'Eloá', 105, '776402879'),
(155, 'Felipe', 164, '843272181'),
(156, 'Eduardo', 30, '821731625'),
(157, 'Enrico', 187, '470753441'),
(158, 'Maya', 19, '701528921'),
(159, 'Cecília', 100, '582860322'),
(160, 'Maria Helena', 10, '338768083'),
(161, 'Emanuelly', 231, '730763795'),
(162, 'Maria Cecília', 167, '760360791'),
(163, 'Guilherme', 40, '399351036'),
(164, 'Felipe', 193, '108071677'),
(165, 'Heitor', 127, '991471104'),
(166, 'Davi', 48, '827948170'),
(167, 'Yasmin', 139, '843812416'),
(168, 'Ana Liz', 76, '115290025'),
(169, 'Clara', 69, '695610322'),
(170, 'Sarah', 121, '197290581'),
(171, 'Luna', 202, '176251833'),
(172, 'Miguel', 92, '241272870'),
(173, 'Heitor', 22, '574423926'),
(174, 'Esther', 105, '977828944'),
(175, 'Caleb', 222, '693824639'),
(176, 'Maria Cecília', 7, '532017708'),
(177, 'Maitê', 28, '319813972'),
(178, 'Gael', 133, '679822789'),
(179, 'Felipe', 216, '754349735'),
(180, 'Sophia', 243, '890065281'),
(181, 'Bernardo', 137, '873368449'),
(182, 'Ravi', 254, '592866953'),
(183, 'Alícia', 169, '867166272'),
(184, 'Ravi', 217, '435406048'),
(185, 'Isaac', 139, '796014924'),
(186, 'Isaac', 154, '400518940'),
(187, 'João Pedro', 47, '718903429'),
(188, 'Pedro', 70, '865650147'),
(189, 'Alícia', 61, '345527377'),
(190, 'Lívia', 188, '653403672'),
(191, 'Liz', 246, '386824343'),
(192, 'Davi', 67, '198849638'),
(193, 'Maria Alice', 26, '229729495'),
(194, 'Sophia', 162, '608128999'),
(195, 'Gabriel', 191, '130271284'),
(196, 'Guilherme', 87, '455806825'),
(197, 'João', 242, '487245249'),
(198, 'Melissa', 194, '787933581'),
(199, 'Lorena', 185, '828621690'),
(200, 'Rebecca', 118, '131621845'),
(201, 'Sarah', 54, '863404906'),
(202, 'Samuel', 111, '573674988'),
(203, 'Emanuelly', 146, '667390238'),
(204, 'Heloísa', 121, '824039061'),
(205, 'Maria Cecília', 124, '641380759'),
(206, 'Daniel', 69, '675992423'),
(207, 'Davi Lucca', 164, '721532055'),
(208, 'Maria Eduarda', 232, '939329846'),
(209, 'Elisa', 198, '261975905'),
(210, 'Rebecca', 52, '758577670'),
(211, 'Gael', 55, '836101892'),
(212, 'Laura', 144, '680442579'),
(213, 'João', 218, '168290863'),
(214, 'Rafael', 182, '857408715'),
(215, 'Leonardo', 177, '277375013'),
(216, 'Isadora', 48, '319382729'),
(217, 'Arthur', 130, '631859201'),
(218, 'Lorenzo', 113, '424679271'),
(219, 'Sarah', 45, '615038976'),
(220, 'Pietro', 229, '998475488'),
(221, 'Matteo', 139, '200120218'),
(222, 'Joaquim', 200, '738260319'),
(223, 'Benício', 222, '305619491'),
(224, 'Rebecca', 216, '417467240'),
(225, 'Gael', 143, '570532442'),
(226, 'Joaquim', 194, '349012636'),
(227, 'Matteo', 65, '345042460'),
(228, 'João', 183, '785139708'),
(229, 'Luna', 39, '876198178'),
(230, 'Elisa', 76, '742202392'),
(231, 'Júlia', 207, '610257380'),
(232, 'Olívia', 65, '643974955'),
(233, 'Matheus', 49, '973494913'),
(234, 'Nicolas', 44, '506445968'),
(235, 'Bento', 148, '863319297'),
(236, 'Ravi', 54, '895496615'),
(237, 'Maria Helena', 21, '631350632'),
(238, 'Yasmin', 152, '523806266'),
(239, 'Bryan', 83, '680056723'),
(240, 'Ravi', 70, '477511797'),
(241, 'Antonella', 69, '144060242'),
(242, 'Ravi', 159, '169221101'),
(243, 'Felipe', 214, '389398265'),
(244, 'Maria Luísa', 94, '499891830'),
(245, 'José', 121, '166332833'),
(246, 'Anthony', 186, '706848119'),
(247, 'João Pedro', 108, '635083161'),
(248, 'Lívia', 123, '254334975'),
(249, 'Enrico', 9, '112004835'),
(250, 'Aurora', 58, '181155869'),
(251, 'Maria Luísa', 119, '300372235'),
(252, 'Eloá', 125, '160813202'),
(253, 'Vicente', 11, '125364583'),
(254, 'Clara', 12, '423967465'),
(255, 'Alice', 173, '276582769'),
(256, 'Júlia', 173, '827179362'),
(257, 'Nicolas', 62, '533264554'),
(258, 'Sophia', 106, '475079371'),
(259, 'Antônio', 180, '608314637'),
(260, 'João', 217, '658211383'),
(261, 'Clara', 180, '314840365'),
(262, 'Isaac', 212, '138790185'),
(263, 'Isadora', 35, '282250194'),
(264, 'Maria Cecília', 136, '859385190'),
(265, 'Maria Luísa', 139, '551357769'),
(266, 'Clara', 110, '759728320'),
(267, 'Sophia', 29, '289048451'),
(268, 'Beatriz', 125, '398521317'),
(269, 'Anthony', 118, '183366239'),
(270, 'Nicolas', 23, '928955057'),
(271, 'Isis', 17, '408814743'),
(272, 'Valentina', 136, '708098032'),
(273, 'Lucca', 64, '771359231'),
(274, 'Vicente', 212, '764349431'),
(275, 'Esther', 181, '508904476'),
(276, 'Giovanna', 101, '523163699'),
(277, 'Ana Liz', 222, '748100934'),
(278, 'Lívia', 8, '818989424'),
(279, 'Beatriz', 205, '581800462'),
(280, 'Maitê', 230, '599315803'),
(281, 'Henrique', 94, '557334929'),
(282, 'Samuel', 253, '252186498'),
(283, 'Yasmin', 96, '767361448'),
(284, 'Isaac', 112, '957583360'),
(285, 'Gael', 9, '687944652'),
(286, 'Lucas', 113, '118770246'),
(287, 'Maria Alice', 220, '523295551'),
(288, 'Alícia', 109, '696069695'),
(289, 'Maria Júlia', 136, '793880112'),
(290, 'Maya', 200, '623284901'),
(291, 'Alícia', 174, '747096653'),
(292, 'Leonardo', 112, '575466236'),
(293, 'Lorena', 171, '708237138'),
(294, 'Henrique', 196, '521387685'),
(295, 'Valentina', 233, '159171401'),
(296, 'Matteo', 139, '887486731'),
(297, 'Lorenzo', 179, '932282996'),
(298, 'Gabriel', 122, '312772711'),
(299, 'Caleb', 200, '980116635'),
(300, 'Bernardo', 244, '501149691');

-- --------------------------------------------------------

--
-- Estrutura para tabela `especie`
--

CREATE TABLE `especie` (
  `id` int(11) NOT NULL,
  `nome` varchar(50) DEFAULT NULL
) ENGINE=InnoDB DEFAULT CHARSET=utf8mb4 COLLATE=utf8mb4_general_ci;

--
-- Despejando dados para a tabela `especie`
--

INSERT INTO `especie` (`id`, `nome`) VALUES
(1, 'Cachorro'),
(2, 'Gato'),
(3, 'Coelho'),
(4, 'Pássaro'),
(5, 'Peixe'),
(6, 'Pato'),
(7, 'Iguana'),
(8, 'Porquinho da Índia'),
(9, 'Chinchila'),
(10, 'Furão'),
(11, 'Cobra'),
(12, 'Hamster'),
(13, 'Tartaruga');

-- --------------------------------------------------------

--
-- Estrutura para tabela `estado`
--

CREATE TABLE `estado` (
  `id` int(11) NOT NULL,
  `nome` varchar(75) DEFAULT NULL,
  `uf` varchar(2) DEFAULT NULL
) ENGINE=InnoDB DEFAULT CHARSET=utf8mb4 COLLATE=utf8mb4_general_ci;

--
-- Despejando dados para a tabela `estado`
--

INSERT INTO `estado` (`id`, `nome`, `uf`) VALUES
(1, 'Acre', 'AC'),
(2, 'Alagoas', 'AL'),
(3, 'Amazonas', 'AM'),
(4, 'Amapá', 'AP'),
(5, 'Bahia', 'BA'),
(6, 'Ceará', 'CE'),
(7, 'Distrito Federal', 'DF'),
(8, 'Espírito Santo', 'ES'),
(9, 'Goiás', 'GO'),
(10, 'Maranhão', 'MA'),
(11, 'Minas Gerais', 'MG'),
(12, 'Mato Grosso do Sul', 'MS'),
(13, 'Mato Grosso', 'MT'),
(14, 'Pará', 'PA'),
(15, 'Paraíba', 'PB'),
(16, 'Pernambuco', 'PE'),
(17, 'Piauí', 'PI'),
(18, 'Paraná', 'PR'),
(19, 'Rio de Janeiro', 'RJ'),
(20, 'Rio Grande do Norte', 'RN'),
(21, 'Rondônia', 'RO'),
(22, 'Roraima', 'RR'),
(23, 'Rio Grande do Sul', 'RS'),
(24, 'Santa Catarina', 'SC'),
(25, 'Sergipe', 'SE'),
(26, 'São Paulo', 'SP'),
(27, 'Tocantins', 'TO');

-- --------------------------------------------------------

--
-- Estrutura para tabela `funcionario`
--

CREATE TABLE `funcionario` (
  `id` int(11) NOT NULL,
  `nome` varchar(150) DEFAULT NULL,
  `id_cargo` int(11) DEFAULT NULL
) ENGINE=InnoDB DEFAULT CHARSET=utf8mb4 COLLATE=utf8mb4_general_ci;

--
-- Despejando dados para a tabela `funcionario`
--

INSERT INTO `funcionario` (`id`, `nome`, `id_cargo`) VALUES
(1, 'Juliana', 1),
(2, 'Mario', 1),
(3, 'Pedro', 1),
(4, 'Geovana', 2),
(5, 'Raissa', 2),
(6, 'José', 2),
(7, 'Alfredo', 3),
(8, 'Batista', 3),
(9, 'Kauã', 3),
(10, 'Jucelia', 3),
(11, 'Sandro', 4),
(12, 'Matheus', 4),
(13, 'Jair', 4),
(14, 'Yasmin', 4),
(15, 'Kaiane', 4),
(16, 'Josuel', 4),
(17, 'Iara', 4),
(18, 'Lucas', 4),
(19, 'Stephani', 4),
(20, 'Rogério', 4),
(21, 'Andreia', 5),
(22, 'Bruna', 5),
(23, 'Agatha', 5),
(24, 'Afonso', 5),
(25, 'Enzo', 5),
(26, 'Hairla', 5),
(27, 'Yuri', 5),
(28, 'Sergio', 6),
(29, 'Paulo', 6);

-- --------------------------------------------------------

--
-- Estrutura para tabela `produto`
--

CREATE TABLE `produto` (
  `id` int(11) NOT NULL,
  `nome` varchar(100) DEFAULT NULL,
  `id_especie` int(11) DEFAULT NULL,
  `preço` double DEFAULT NULL
) ENGINE=InnoDB DEFAULT CHARSET=utf8mb4 COLLATE=utf8mb4_general_ci;

--
-- Despejando dados para a tabela `produto`
--

INSERT INTO `produto` (`id`, `nome`, `id_especie`, `preço`) VALUES
(1, 'Ração de Cachorro 1kg', 1, 20),
(2, 'Ração de Pato 1kg', 6, 25.99),
(3, 'Ração de Iguana 1kg', 7, 18.5),
(4, 'Ração de Porquinho da Índia 1kg', 8, 15.99),
(5, 'Ração de Coelho 1kg', 3, 22.75),
(6, 'Ração de Chinchila 1kg', 9, 20),
(7, 'Ração de Furão 1kg', 10, 24.99),
(8, 'Ração de Gato 1kg', 2, 19.99),
(9, 'Ração de Cobra 1kg', 11, 29.99),
(10, 'Ração de Hamster 1kg', 12, 12.99),
(11, 'Ração de Tartaruga 1kg', 13, 17.5),
(12, 'Ração de Pássaro 1kg', 4, 14.99),
(13, 'Brinquedo para Cachorro', 1, 15.99),
(14, 'Brinquedo para Cachorro (Grande)', 1, 19.99),
(15, 'Coleira para Gato', 2, 12.5),
(16, 'Coleira para Gato (Médio)', 2, 15.99),
(17, 'Coleira para Gato (Grande)', 2, 18.5),
(18, 'Caixa de Areia para Gato', 2, 24.99),
(19, 'Caixa de Areia para Gato (Média)', 2, 29.99),
(20, 'Caixa de Areia para Gato (Grande)', 2, 34.99),
(21, 'Shampoo para Banho de Cachorro (300ml)', 1, 8.99),
(22, 'Shampoo para Banho de Cachorro (500ml)', 1, 12.99),
(23, 'Shampoo para Banho de Gato (300ml)', 2, 9.99),
(24, 'Shampoo para Banho de Gato (500ml)', 2, 14.99),
(25, 'Areia Sanitária para Gato (5kg)', 2, 19.5),
(26, 'Areia Sanitária para Gato (10kg)', 2, 34.99),
(27, 'Comedouro para Pássaro', 4, 7.5),
(28, 'Bebedouro Automático para Cachorro (Médio)', 1, 29.99),
(29, 'Bebedouro Automático para Cachorro (Grande)', 1, 39.99),
(30, 'Escova para Cachorro (Média)', 1, 11.99),
(31, 'Escova para Cachorro (Grande)', 1, 14.99),
(32, 'Casinha para Hamster', 12, 19.99),
(33, 'Bebedouro para Gato (Pequeno)', 2, 12.5),
(34, 'Brinquedo para Gato', 2, 14.99),
(35, 'Escova para Gato', 2, 9.99),
(36, 'Roupa para Cachorro (Pequeno)', 1, 17.5),
(37, 'Roupa para Cachorro (Médio)', 1, 21.99),
(38, 'Roupa para Gato', 2, 18.5),
(39, 'Guia Retrátil para Cachorro (Médio)', 1, 28.99),
(40, 'Guia Retrátil para Cachorro (Grande)', 1, 32.99),
(41, 'Comedouro para Coelho', 3, 15.99),
(42, 'Bebedouro para Coelho', 3, 18.99),
(43, 'Areia para Banho de Chinchila', 9, 22.5),
(44, 'Brinquedo para Pássaro', 4, 8.99),
(45, 'Bebedouro para Pássaro', 4, 11.5),
(46, 'Coleira para Cachorro (Pequeno)', 1, 10.99),
(47, 'Caixa de Transporte para Gato', 2, 27.5),
(48, 'Brinquedo para Hamster', 12, 6.99),
(49, 'Guia para Gato', 2, 15.99),
(50, 'Comedouro Automático para Cachorro (Grande)', 1, 42.99),
(51, 'Comedouro Automático para Gato', 2, 34.99),
(52, 'Cama para Cachorro (Médio)', 1, 39.99),
(53, 'Coleira para Cachorro (Grande)', 1, 14.99),
(54, 'Brinquedo para Cachorro (Grande)', 1, 22.5),
(55, 'Shampoo para Gato', 2, 12.99),
(56, 'Caixa de Areia para Gato', 2, 16.5),
(57, 'Escova para Cachorro', 1, 8.99),
(58, 'Comedouro para Gato', 2, 11.5),
(59, 'Areia para Banho de Hamster', 12, 9.5),
(60, 'Bebedouro para Hamster', 12, 7.99),
(61, 'Coleira para Gato', 2, 9.99),
(62, 'Arranhador para Gato', 2, 29.99),
(63, 'Comedouro Automático para Coelho', 3, 36.5),
(64, 'Brinquedo para Pássaro (Grande)', 4, 12.99),
(65, 'Bebedouro para Pássaro (Grande)', 4, 15.5),
(66, 'Casinha para Coelho', 3, 27.99),
(67, 'Tigela para Comida de Gato', 2, 8.5),
(68, 'Brinquedo para Chinchila', 9, 10.99),
(69, 'Roupa para Cachorro (Grande)', 1, 25.5),
(70, 'Comedouro para Pássaro (Pequeno)', 4, 9.99),
(71, 'Bebedouro para Pássaro (Pequeno)', 4, 12.5),
(72, 'Brinquedo para Cachorro (Pequeno)', 1, 14.99),
(73, 'Casinha para Pássaro', 4, 19.5),
(74, 'Bebedouro Automático para Gato', 2, 22.99);

-- --------------------------------------------------------

--
-- Estrutura para tabela `raça`
--

CREATE TABLE `raça` (
  `id` int(11) NOT NULL,
  `nome` varchar(75) DEFAULT NULL,
  `id_especie` int(11) DEFAULT NULL
) ENGINE=InnoDB DEFAULT CHARSET=utf8mb4 COLLATE=utf8mb4_general_ci;

--
-- Despejando dados para a tabela `raça`
--

INSERT INTO `raça` (`id`, `nome`, `id_especie`) VALUES
(1, 'Pitbul', 1),
(2, 'Pincher', 1),
(3, 'Labrador', 1),
(4, 'Bulldog', 1),
(5, 'Golden Retriever', 1),
(6, 'Poodle', 1),
(7, 'Schnauzer', 1),
(8, 'Bulldog Francês', 1),
(9, 'Chihuahua', 1),
(10, 'Siamês', 2),
(11, 'Maine Coon', 2),
(12, 'Sphynx', 2),
(13, 'Persa', 2),
(14, 'Bengal', 2),
(15, 'Ragdoll', 2),
(16, 'British Shorthair', 2),
(17, 'Siamese', 2),
(18, 'Holandês', 3),
(19, 'Mini Lion', 3),
(20, 'Rex', 3),
(21, 'Flandres', 3),
(22, 'Angorá', 3),
(23, 'Lionhead', 3),
(24, 'Holland Lop', 3),
(25, 'Calopsita', 4),
(26, 'Agapornis', 4),
(27, 'Periquito', 4),
(28, 'Canário', 4),
(29, 'Cacatua', 4),
(30, 'Papagaio', 4),
(31, 'Arara', 4),
(32, 'Beta', 5),
(33, 'Tetra', 5),
(34, 'Guppy', 5),
(35, 'Molinésia', 5),
(36, 'Gourami', 5),
(37, 'Kingyo', 5),
(38, 'Discus', 5),
(39, 'Ciclídeo', 5);

-- --------------------------------------------------------

--
-- Estrutura para tabela `situação`
--

CREATE TABLE `situação` (
  `id` int(11) NOT NULL,
  `Categoria` varchar(30) DEFAULT NULL
) ENGINE=InnoDB DEFAULT CHARSET=utf8mb4 COLLATE=utf8mb4_general_ci;

--
-- Despejando dados para a tabela `situação`
--

INSERT INTO `situação` (`id`, `Categoria`) VALUES
(1, 'Concluido'),
(2, 'Pendente'),
(3, 'Cancelado');

-- --------------------------------------------------------

--
-- Estrutura para tabela `tipo_atendimento`
--

CREATE TABLE `tipo_atendimento` (
  `id` int(11) NOT NULL,
  `nome` varchar(50) DEFAULT NULL,
  `tempo_previsto` time DEFAULT NULL,
  `preço` double DEFAULT NULL
) ENGINE=InnoDB DEFAULT CHARSET=utf8mb4 COLLATE=utf8mb4_general_ci;

--
-- Despejando dados para a tabela `tipo_atendimento`
--

INSERT INTO `tipo_atendimento` (`id`, `nome`, `tempo_previsto`, `preço`) VALUES
(1, 'Consulta', '00:40:00', 150),
(2, 'Banho', '00:30:00', 70),
(3, 'Tosa', '00:25:00', 50),
(4, 'Banho e Tosa', '00:55:00', 100),
(5, 'Cirurgia', '03:00:00', 2200);

-- --------------------------------------------------------

--
-- Estrutura para tabela `venda_produto`
--

CREATE TABLE `venda_produto` (
  `id` int(11) NOT NULL,
  `id_cliente` int(11) DEFAULT NULL,
  `id_produto` int(11) DEFAULT NULL,
  `quantidade` int(11) DEFAULT NULL,
  `data_venda` date DEFAULT NULL,
  `preço` double DEFAULT NULL
) ENGINE=InnoDB DEFAULT CHARSET=utf8mb4 COLLATE=utf8mb4_general_ci;

--
-- Despejando dados para a tabela `venda_produto`
--

INSERT INTO `venda_produto` (`id`, `id_cliente`, `id_produto`, `quantidade`, `data_venda`, `preço`) VALUES
(1, 71, 12, 5, '2021-10-11', 74.95),
(2, 94, 61, 16, '2019-04-16', 159.84),
(3, 277, 17, 17, '2020-12-04', 314.5),
(4, 34, 47, 1, '2019-06-05', 27.5),
(5, 163, 13, 10, '2022-02-16', 159.9),
(6, 300, 44, 19, '2014-05-08', 170.81),
(7, 24, 67, 20, '2015-10-21', 170),
(8, 32, 30, 9, '2014-10-12', 107.91),
(9, 225, 6, 9, '2016-07-15', 180),
(10, 2, 17, 11, '2014-10-04', 203.5),
(11, 44, 54, 18, '2023-06-23', 405),
(12, 34, 34, 2, '2018-06-18', 29.98),
(13, 266, 74, 11, '2014-05-25', 252.89),
(14, 46, 21, 3, '2017-10-18', 26.97),
(15, 104, 1, 19, '2015-08-22', 380),
(16, 233, 68, 15, '2020-01-06', 164.85),
(17, 238, 36, 11, '2016-07-26', 192.5),
(18, 68, 44, 15, '2022-12-17', 134.85),
(19, 245, 13, 17, '2022-10-02', 271.83),
(20, 117, 42, 6, '2019-10-03', 113.94),
(21, 267, 44, 8, '2018-12-19', 71.92),
(22, 98, 25, 20, '2019-11-27', 390),
(23, 68, 6, 16, '2018-09-28', 320),
(24, 106, 53, 19, '2019-03-13', 284.81),
(25, 215, 14, 16, '2022-05-08', 319.84),
(26, 24, 26, 4, '2018-10-11', 139.96),
(27, 93, 33, 14, '2016-01-30', 175),
(28, 20, 22, 15, '2019-10-26', 194.85),
(29, 160, 32, 8, '2020-07-24', 159.92),
(30, 91, 20, 12, '2018-10-12', 419.88),
(31, 66, 2, 5, '2015-09-09', 129.95),
(32, 233, 13, 7, '2023-11-10', 111.93),
(33, 185, 36, 5, '2022-04-10', 87.5),
(34, 92, 18, 13, '2018-03-31', 324.87),
(35, 3, 26, 6, '2020-03-18', 209.94),
(36, 3, 5, 12, '2019-06-15', 273),
(37, 87, 58, 10, '2021-01-01', 115),
(38, 121, 62, 6, '2017-12-31', 179.94),
(39, 131, 37, 11, '2022-10-15', 241.89),
(40, 120, 58, 14, '2021-11-03', 161),
(41, 99, 5, 12, '2023-01-30', 273),
(42, 12, 68, 16, '2014-02-18', 175.84),
(43, 82, 50, 1, '2023-11-07', 42.99),
(44, 175, 5, 13, '2017-05-26', 295.75),
(45, 200, 30, 6, '2023-01-04', 71.94),
(46, 107, 3, 17, '2015-06-14', 314.5),
(47, 55, 15, 9, '2021-05-23', 112.5),
(48, 5, 52, 19, '2022-10-19', 759.81),
(49, 9, 59, 4, '2016-04-02', 38),
(50, 255, 58, 3, '2015-11-17', 34.5),
(51, 118, 7, 3, '2017-02-22', 74.97),
(52, 280, 51, 18, '2023-07-18', 629.82),
(53, 129, 8, 12, '2022-08-05', 239.88),
(54, 195, 52, 19, '2018-11-08', 759.81),
(55, 255, 6, 17, '2022-03-02', 340),
(56, 228, 48, 4, '2023-09-03', 27.96),
(57, 210, 28, 19, '2016-10-17', 569.81),
(58, 40, 27, 19, '2019-12-30', 142.5),
(59, 148, 14, 1, '2017-02-06', 19.99),
(60, 265, 66, 20, '2017-05-17', 559.8),
(61, 249, 47, 1, '2018-05-24', 27.5),
(62, 224, 36, 18, '2016-01-09', 315),
(63, 185, 2, 1, '2017-11-19', 25.99),
(64, 286, 23, 19, '2017-08-01', 189.81),
(65, 296, 39, 16, '2019-11-24', 463.84),
(66, 300, 36, 11, '2022-02-01', 192.5),
(67, 49, 69, 3, '2022-12-01', 76.5),
(68, 268, 56, 6, '2020-08-22', 99),
(69, 70, 34, 15, '2017-09-22', 224.85),
(70, 107, 36, 18, '2021-01-03', 315),
(71, 22, 12, 18, '2016-05-18', 269.82),
(72, 217, 51, 5, '2015-02-12', 174.95),
(73, 160, 11, 15, '2017-07-02', 262.5),
(74, 130, 25, 18, '2018-08-05', 351),
(75, 153, 19, 1, '2023-07-27', 29.99),
(76, 7, 25, 17, '2023-06-08', 331.5),
(77, 9, 3, 16, '2022-04-19', 296),
(78, 287, 30, 19, '2016-06-16', 227.81),
(79, 200, 38, 3, '2021-08-24', 55.5),
(80, 287, 74, 11, '2023-07-17', 252.89),
(81, 101, 20, 18, '2017-07-20', 629.82),
(82, 89, 11, 7, '2019-01-13', 122.5),
(83, 119, 13, 16, '2020-02-06', 255.84),
(84, 51, 38, 14, '2016-11-07', 259),
(85, 284, 11, 8, '2015-12-03', 140),
(86, 195, 63, 9, '2014-11-22', 328.5),
(87, 54, 56, 15, '2022-12-29', 247.5),
(88, 236, 35, 8, '2022-12-20', 79.92),
(89, 177, 48, 17, '2016-09-11', 118.83),
(90, 205, 27, 19, '2015-08-26', 142.5),
(91, 87, 30, 3, '2017-11-07', 35.97),
(92, 237, 32, 2, '2021-05-24', 39.98),
(93, 34, 37, 8, '2020-08-28', 175.92),
(94, 51, 24, 6, '2015-02-15', 89.94),
(95, 60, 20, 18, '2020-08-10', 629.82),
(96, 240, 45, 20, '2018-09-17', 230),
(97, 140, 24, 4, '2023-01-22', 59.96),
(98, 147, 41, 4, '2016-01-22', 63.96),
(99, 94, 46, 1, '2014-05-11', 10.99),
(100, 238, 47, 18, '2017-01-19', 495),
(101, 187, 18, 18, '2018-09-30', 449.82),
(102, 128, 5, 13, '2020-12-30', 295.75),
(103, 133, 57, 18, '2014-08-30', 161.82),
(104, 202, 67, 2, '2018-08-09', 17),
(105, 44, 43, 12, '2021-06-11', 270),
(106, 32, 34, 17, '2017-05-21', 254.83),
(107, 282, 23, 18, '2021-01-22', 179.82),
(108, 216, 74, 16, '2017-06-06', 367.84),
(109, 151, 57, 18, '2023-05-29', 161.82),
(110, 179, 25, 10, '2014-02-19', 195),
(111, 105, 40, 17, '2018-10-09', 560.83),
(112, 156, 12, 1, '2015-05-28', 14.99),
(113, 17, 33, 8, '2022-07-11', 100),
(114, 69, 52, 8, '2017-02-12', 319.92),
(115, 161, 41, 13, '2017-11-03', 207.87),
(116, 85, 12, 4, '2020-02-26', 59.96),
(117, 123, 6, 11, '2015-09-02', 220),
(118, 189, 27, 2, '2017-08-06', 15),
(119, 229, 28, 1, '2015-05-04', 29.99),
(120, 102, 37, 15, '2022-06-22', 329.85),
(121, 227, 37, 12, '2014-03-04', 263.88),
(122, 82, 72, 5, '2013-12-26', 74.95),
(123, 279, 51, 5, '2014-02-25', 174.95),
(124, 51, 62, 6, '2020-08-23', 179.94),
(125, 99, 64, 20, '2015-08-10', 259.8),
(126, 108, 10, 15, '2023-05-25', 194.85),
(127, 105, 58, 3, '2022-04-21', 34.5),
(128, 28, 27, 17, '2015-12-13', 127.5),
(129, 10, 48, 20, '2020-08-27', 139.8),
(130, 269, 30, 3, '2020-08-05', 35.97),
(131, 2, 43, 5, '2022-06-10', 112.5),
(132, 60, 24, 9, '2014-06-24', 134.91),
(133, 131, 26, 5, '2019-02-14', 174.95),
(134, 112, 30, 17, '2021-08-01', 203.83),
(135, 251, 53, 11, '2022-05-23', 164.89),
(136, 141, 32, 9, '2019-06-11', 179.91),
(137, 271, 69, 13, '2021-05-15', 331.5),
(138, 112, 34, 12, '2013-12-06', 179.88),
(139, 106, 9, 12, '2023-07-27', 359.88),
(140, 101, 16, 9, '2020-10-31', 143.91),
(141, 127, 70, 14, '2018-06-21', 139.86),
(142, 3, 14, 2, '2023-08-19', 39.98),
(143, 58, 24, 20, '2016-03-21', 299.8),
(144, 139, 36, 15, '2023-09-13', 262.5),
(145, 18, 67, 5, '2020-06-15', 42.5),
(146, 82, 2, 20, '2014-05-30', 519.8),
(147, 6, 48, 14, '2023-09-13', 97.86),
(148, 275, 74, 10, '2022-11-20', 229.9),
(149, 238, 29, 4, '2020-09-12', 159.96),
(150, 45, 40, 13, '2014-05-25', 428.87),
(151, 74, 19, 15, '2015-09-15', 449.85),
(152, 119, 21, 19, '2023-02-23', 170.81),
(153, 104, 13, 9, '2021-06-01', 143.91),
(154, 228, 37, 20, '2023-01-18', 439.8),
(155, 47, 36, 3, '2019-07-13', 52.5),
(156, 272, 9, 17, '2019-01-17', 509.83),
(157, 41, 2, 7, '2017-10-07', 181.93),
(158, 256, 21, 17, '2014-01-25', 152.83),
(159, 110, 56, 18, '2015-01-16', 297),
(160, 257, 3, 6, '2022-01-20', 111),
(161, 29, 37, 2, '2017-09-10', 43.98),
(162, 249, 12, 17, '2017-04-03', 254.83),
(163, 258, 24, 5, '2017-08-29', 74.95),
(164, 78, 64, 18, '2015-07-26', 233.82),
(165, 72, 28, 5, '2022-10-08', 149.95),
(166, 202, 68, 20, '2015-08-25', 219.8),
(167, 122, 42, 1, '2021-10-14', 18.99),
(168, 139, 69, 11, '2017-03-21', 280.5),
(169, 141, 64, 17, '2016-08-31', 220.83),
(170, 124, 26, 18, '2021-06-15', 629.82),
(171, 193, 68, 11, '2023-03-30', 120.89),
(172, 122, 53, 10, '2014-08-14', 149.9),
(173, 42, 68, 19, '2015-04-07', 208.81),
(174, 263, 31, 16, '2015-08-27', 239.84),
(175, 298, 17, 15, '2023-06-25', 277.5),
(176, 31, 32, 6, '2014-07-04', 119.94),
(177, 298, 28, 3, '2023-09-03', 89.97),
(178, 125, 3, 3, '2018-08-26', 55.5),
(179, 99, 55, 9, '2014-03-19', 116.91),
(180, 141, 16, 18, '2019-03-20', 287.82),
(181, 50, 38, 14, '2020-02-03', 259),
(182, 236, 52, 8, '2022-09-05', 319.92),
(183, 119, 74, 1, '2023-09-08', 22.99),
(184, 43, 53, 20, '2016-06-10', 299.8),
(185, 10, 23, 9, '2018-07-13', 89.91),
(186, 37, 27, 18, '2023-06-08', 135),
(187, 99, 13, 3, '2014-12-21', 47.97),
(188, 270, 21, 19, '2018-12-02', 170.81),
(189, 213, 52, 5, '2017-09-12', 199.95),
(190, 232, 69, 10, '2023-09-18', 255),
(191, 253, 59, 17, '2019-11-27', 161.5),
(192, 181, 71, 10, '2017-10-30', 125),
(193, 159, 37, 1, '2016-09-07', 21.99),
(194, 222, 68, 20, '2017-03-15', 219.8),
(195, 11, 61, 16, '2021-05-06', 159.84),
(196, 124, 16, 1, '2017-11-03', 15.99),
(197, 46, 72, 16, '2021-11-03', 239.84),
(198, 283, 66, 3, '2022-06-28', 83.97),
(199, 193, 38, 19, '2022-04-19', 351.5),
(200, 288, 13, 15, '2018-12-19', 239.85),
(201, 125, 27, 14, '2014-02-16', 105),
(202, 22, 31, 20, '2020-10-04', 299.8),
(203, 165, 41, 4, '2014-11-01', 63.96),
(204, 277, 12, 18, '2023-03-15', 269.82),
(205, 58, 43, 2, '2015-06-20', 45),
(206, 79, 73, 20, '2017-10-20', 390),
(207, 31, 49, 2, '2018-09-25', 31.98),
(208, 168, 29, 8, '2020-02-04', 319.92),
(209, 168, 1, 15, '2020-07-18', 300),
(210, 76, 31, 16, '2020-07-17', 239.84),
(211, 173, 65, 13, '2023-01-23', 201.5),
(212, 121, 43, 10, '2019-02-20', 225),
(213, 99, 5, 4, '2015-01-17', 91),
(214, 66, 25, 7, '2020-12-06', 136.5),
(215, 254, 68, 16, '2015-08-27', 175.84),
(216, 27, 47, 1, '2019-12-11', 27.5),
(217, 37, 22, 11, '2021-02-22', 142.89),
(218, 220, 60, 17, '2017-03-23', 135.83),
(219, 228, 14, 12, '2015-12-26', 239.88),
(220, 82, 69, 16, '2023-11-30', 408),
(221, 205, 74, 11, '2015-03-26', 252.89),
(222, 211, 12, 12, '2022-11-27', 179.88),
(223, 71, 49, 12, '2014-03-22', 191.88),
(224, 104, 5, 7, '2023-01-26', 159.25),
(225, 80, 73, 20, '2021-10-28', 390),
(226, 46, 6, 20, '2019-10-07', 400),
(227, 139, 72, 9, '2019-04-18', 134.91),
(228, 15, 49, 12, '2015-09-02', 191.88),
(229, 254, 61, 19, '2021-05-19', 189.81),
(230, 19, 10, 5, '2019-04-26', 64.95),
(231, 70, 28, 5, '2015-06-06', 149.95),
(232, 180, 18, 10, '2022-11-03', 249.9),
(233, 79, 3, 8, '2021-02-04', 148),
(234, 33, 68, 16, '2016-06-18', 175.84),
(235, 33, 33, 2, '2017-04-28', 25),
(236, 291, 60, 5, '2022-08-07', 39.95),
(237, 169, 50, 16, '2023-04-02', 687.84),
(238, 200, 61, 3, '2018-05-15', 29.97),
(239, 215, 65, 19, '2017-10-09', 294.5),
(240, 59, 18, 8, '2015-10-27', 199.92),
(241, 286, 42, 17, '2019-11-28', 322.83),
(242, 83, 1, 2, '2014-10-11', 40),
(243, 268, 29, 17, '2022-10-08', 679.83),
(244, 154, 37, 13, '2019-03-22', 285.87),
(245, 57, 34, 12, '2022-07-22', 179.88),
(246, 169, 59, 15, '2022-12-13', 142.5),
(247, 81, 15, 18, '2018-02-28', 225),
(248, 232, 58, 6, '2018-07-24', 69),
(249, 279, 6, 6, '2015-03-31', 120),
(250, 166, 27, 7, '2023-05-07', 52.5),
(251, 255, 71, 6, '2017-07-28', 75),
(252, 190, 12, 5, '2017-11-04', 74.95),
(253, 161, 50, 10, '2020-04-01', 429.9),
(254, 202, 46, 5, '2023-10-05', 54.95),
(255, 271, 68, 7, '2019-03-05', 76.93),
(256, 254, 1, 20, '2017-12-31', 400),
(257, 268, 24, 12, '2015-04-24', 179.88),
(258, 47, 16, 16, '2014-10-31', 255.84),
(259, 44, 17, 9, '2022-02-16', 166.5),
(260, 96, 16, 17, '2021-03-29', 271.83),
(261, 172, 64, 12, '2020-11-22', 155.88),
(262, 96, 69, 6, '2022-12-26', 153),
(263, 230, 1, 3, '2021-03-29', 60),
(264, 33, 15, 18, '2019-12-18', 225),
(265, 190, 48, 11, '2014-08-10', 76.89),
(266, 36, 67, 10, '2014-04-21', 85),
(267, 262, 36, 6, '2022-02-14', 105),
(268, 24, 42, 18, '2016-06-07', 341.82),
(269, 25, 74, 20, '2017-06-03', 459.8),
(270, 14, 55, 13, '2014-02-13', 168.87),
(271, 96, 24, 17, '2020-01-03', 254.83),
(272, 175, 62, 4, '2021-06-22', 119.96),
(273, 129, 8, 11, '2015-08-17', 219.89),
(274, 233, 61, 9, '2019-03-19', 89.91),
(275, 165, 12, 6, '2021-11-11', 89.94),
(276, 74, 18, 19, '2020-01-05', 474.81),
(277, 69, 52, 1, '2018-02-11', 39.99),
(278, 227, 74, 15, '2019-05-10', 344.85),
(279, 179, 57, 9, '2018-09-08', 80.91),
(280, 180, 69, 6, '2017-11-15', 153),
(281, 134, 64, 13, '2022-12-07', 168.87),
(282, 82, 50, 3, '2015-11-14', 128.97),
(283, 192, 8, 4, '2015-09-14', 79.96),
(284, 57, 66, 5, '2019-12-27', 139.95),
(285, 276, 61, 1, '2017-10-29', 9.99),
(286, 57, 36, 14, '2017-02-10', 245),
(287, 125, 34, 1, '2019-03-30', 14.99),
(288, 221, 40, 2, '2017-06-29', 65.98),
(289, 117, 19, 10, '2022-11-05', 299.9),
(290, 297, 38, 10, '2015-01-28', 185),
(291, 98, 12, 2, '2019-05-03', 29.98),
(292, 203, 66, 9, '2017-09-01', 251.91),
(293, 234, 70, 14, '2022-04-08', 139.86),
(294, 196, 31, 6, '2017-10-29', 89.94),
(295, 276, 6, 8, '2020-12-21', 160),
(296, 59, 32, 20, '2019-09-15', 399.8),
(297, 103, 53, 7, '2017-07-16', 104.93),
(298, 22, 6, 3, '2015-08-22', 60),
(299, 218, 14, 6, '2016-01-25', 119.94),
(300, 150, 60, 6, '2019-10-18', 47.94),
(301, 205, 51, 17, '2022-04-22', 594.83),
(302, 44, 28, 6, '2017-11-07', 179.94),
(303, 249, 28, 16, '2019-12-05', 479.84),
(304, 190, 54, 14, '2019-07-06', 315),
(305, 242, 8, 7, '2022-07-21', 139.93),
(306, 107, 51, 5, '2019-01-03', 174.95),
(307, 52, 48, 7, '2020-06-14', 48.93),
(308, 65, 67, 19, '2015-12-19', 161.5),
(309, 195, 63, 11, '2016-10-18', 401.5),
(310, 265, 28, 4, '2017-03-14', 119.96),
(311, 109, 41, 15, '2014-05-01', 239.85),
(312, 231, 41, 5, '2020-06-26', 79.95),
(313, 75, 5, 5, '2014-10-10', 113.75),
(314, 86, 41, 6, '2018-02-21', 95.94),
(315, 239, 40, 11, '2018-03-30', 362.89),
(316, 176, 16, 8, '2014-10-25', 127.92),
(317, 169, 28, 13, '2016-11-17', 389.87),
(318, 229, 56, 2, '2023-05-01', 33),
(319, 8, 23, 9, '2021-06-26', 89.91),
(320, 88, 2, 7, '2015-03-31', 181.93),
(321, 174, 6, 18, '2017-09-24', 360),
(322, 192, 12, 6, '2019-08-04', 89.94),
(323, 233, 36, 7, '2016-11-29', 122.5),
(324, 287, 72, 4, '2023-06-26', 59.96),
(325, 95, 2, 12, '2019-04-17', 311.88),
(326, 227, 55, 20, '2022-01-22', 259.8),
(327, 9, 61, 8, '2019-04-09', 79.92),
(328, 9, 20, 14, '2020-11-07', 489.86),
(329, 133, 38, 16, '2015-06-05', 296),
(330, 12, 57, 3, '2017-03-07', 26.97),
(331, 157, 25, 12, '2017-04-18', 234),
(332, 170, 67, 18, '2019-07-08', 153),
(333, 33, 74, 10, '2016-07-02', 229.9),
(334, 95, 29, 3, '2019-11-24', 119.97),
(335, 120, 27, 9, '2022-09-21', 67.5),
(336, 37, 58, 4, '2023-05-05', 46),
(337, 281, 64, 4, '2018-11-15', 51.96),
(338, 253, 15, 6, '2018-03-12', 75),
(339, 14, 60, 13, '2017-08-14', 103.87),
(340, 181, 9, 17, '2019-02-14', 509.83),
(341, 139, 40, 13, '2014-01-29', 428.87),
(342, 107, 3, 5, '2020-02-02', 92.5),
(343, 34, 48, 4, '2019-10-21', 27.96),
(344, 126, 15, 4, '2022-04-08', 50),
(345, 212, 45, 8, '2016-12-10', 92),
(346, 265, 1, 5, '2018-11-13', 100),
(347, 70, 34, 18, '2016-08-16', 269.82),
(348, 277, 33, 19, '2015-05-11', 237.5),
(349, 188, 63, 7, '2022-05-28', 255.5),
(350, 94, 4, 6, '2018-11-30', 95.94),
(351, 260, 7, 14, '2015-02-01', 349.86),
(352, 36, 41, 17, '2021-05-12', 271.83),
(353, 95, 19, 6, '2018-11-17', 179.94),
(354, 158, 15, 4, '2021-03-20', 50),
(355, 296, 63, 4, '2020-01-30', 146),
(356, 189, 42, 3, '2020-07-08', 56.97),
(357, 203, 50, 13, '2021-11-20', 558.87),
(358, 48, 2, 19, '2017-10-26', 493.81),
(359, 230, 35, 14, '2017-04-02', 139.86),
(360, 257, 6, 5, '2014-04-26', 100),
(361, 221, 49, 17, '2018-10-05', 271.83),
(362, 210, 33, 10, '2017-08-12', 125),
(363, 60, 48, 5, '2016-12-03', 34.95),
(364, 185, 3, 20, '2014-03-05', 370),
(365, 179, 24, 2, '2021-12-05', 29.98),
(366, 75, 4, 13, '2022-10-22', 207.87),
(367, 271, 72, 2, '2021-01-01', 29.98),
(368, 99, 57, 20, '2023-09-30', 179.8),
(369, 152, 50, 15, '2018-06-20', 644.85),
(370, 237, 50, 11, '2020-06-13', 472.89),
(371, 229, 18, 14, '2017-06-17', 349.86),
(372, 83, 8, 14, '2019-05-16', 279.86),
(373, 278, 22, 7, '2014-02-20', 90.93),
(374, 127, 10, 19, '2016-02-16', 246.81),
(375, 183, 2, 1, '2018-10-16', 25.99),
(376, 238, 54, 5, '2021-12-18', 112.5),
(377, 211, 29, 8, '2018-08-27', 319.92),
(378, 222, 22, 19, '2023-06-08', 246.81),
(379, 264, 28, 3, '2020-01-31', 89.97),
(380, 105, 70, 9, '2014-12-18', 89.91),
(381, 197, 3, 2, '2017-03-07', 37),
(382, 255, 48, 20, '2014-02-02', 139.8),
(383, 191, 53, 4, '2016-11-01', 59.96),
(384, 209, 63, 6, '2020-07-25', 219),
(385, 32, 16, 19, '2014-05-30', 303.81),
(386, 52, 40, 17, '2014-09-03', 560.83),
(387, 212, 21, 18, '2022-06-27', 161.82),
(388, 2, 40, 11, '2015-09-23', 362.89),
(389, 7, 73, 5, '2020-11-18', 97.5),
(390, 139, 50, 3, '2016-02-15', 128.97),
(391, 194, 6, 3, '2021-05-12', 60),
(392, 95, 14, 11, '2015-05-31', 219.89),
(393, 127, 4, 16, '2016-05-29', 255.84),
(394, 150, 38, 12, '2014-03-25', 222),
(395, 160, 61, 8, '2015-02-19', 79.92),
(396, 33, 24, 5, '2020-08-14', 74.95),
(397, 161, 69, 2, '2020-07-19', 51),
(398, 73, 30, 14, '2015-04-26', 167.86),
(399, 266, 40, 11, '2023-03-31', 362.89),
(400, 231, 19, 19, '2016-10-25', 569.81);

--
-- Índices para tabelas despejadas
--

--
-- Índices de tabela `animal`
--
ALTER TABLE `animal`
  ADD PRIMARY KEY (`id`),
  ADD KEY `id_cliente` (`id_cliente`),
  ADD KEY `id_especie` (`id_especie`);

--
-- Índices de tabela `atendimento`
--
ALTER TABLE `atendimento`
  ADD PRIMARY KEY (`id`),
  ADD KEY `fk_atendimento1` (`id_animal`),
  ADD KEY `fk_atendimento2` (`id_funcionario`),
  ADD KEY `fk_atendimento3` (`id_atendimento`),
  ADD KEY `fk_atendimento4` (`id_situacao`);

--
-- Índices de tabela `cargo`
--
ALTER TABLE `cargo`
  ADD PRIMARY KEY (`id`);

--
-- Índices de tabela `cidade`
--
ALTER TABLE `cidade`
  ADD PRIMARY KEY (`id`),
  ADD KEY `id_uf` (`id_uf`);

--
-- Índices de tabela `cliente`
--
ALTER TABLE `cliente`
  ADD PRIMARY KEY (`id`),
  ADD KEY `id_cidade` (`id_cidade`);

--
-- Índices de tabela `especie`
--
ALTER TABLE `especie`
  ADD PRIMARY KEY (`id`);

--
-- Índices de tabela `estado`
--
ALTER TABLE `estado`
  ADD PRIMARY KEY (`id`);

--
-- Índices de tabela `funcionario`
--
ALTER TABLE `funcionario`
  ADD PRIMARY KEY (`id`),
  ADD KEY `id_cargo` (`id_cargo`);

--
-- Índices de tabela `produto`
--
ALTER TABLE `produto`
  ADD PRIMARY KEY (`id`),
  ADD KEY `fk_produto` (`id_especie`);

--
-- Índices de tabela `raça`
--
ALTER TABLE `raça`
  ADD PRIMARY KEY (`id`),
  ADD KEY `id_especie` (`id_especie`);

--
-- Índices de tabela `situação`
--
ALTER TABLE `situação`
  ADD PRIMARY KEY (`id`);

--
-- Índices de tabela `tipo_atendimento`
--
ALTER TABLE `tipo_atendimento`
  ADD PRIMARY KEY (`id`);

--
-- Índices de tabela `venda_produto`
--
ALTER TABLE `venda_produto`
  ADD PRIMARY KEY (`id`),
  ADD KEY `fk_venda_produto1` (`id_cliente`),
  ADD KEY `fk_venda_produto2` (`id_produto`);

--
-- AUTO_INCREMENT para tabelas despejadas
--

--
-- AUTO_INCREMENT de tabela `animal`
--
ALTER TABLE `animal`
  MODIFY `id` int(11) NOT NULL AUTO_INCREMENT, AUTO_INCREMENT=452;

--
-- AUTO_INCREMENT de tabela `atendimento`
--
ALTER TABLE `atendimento`
  MODIFY `id` int(11) NOT NULL AUTO_INCREMENT, AUTO_INCREMENT=301;

--
-- AUTO_INCREMENT de tabela `cidade`
--
ALTER TABLE `cidade`
  MODIFY `id` int(11) NOT NULL AUTO_INCREMENT, AUTO_INCREMENT=256;

--
-- AUTO_INCREMENT de tabela `cliente`
--
ALTER TABLE `cliente`
  MODIFY `id` int(11) NOT NULL AUTO_INCREMENT, AUTO_INCREMENT=301;

--
-- AUTO_INCREMENT de tabela `especie`
--
ALTER TABLE `especie`
  MODIFY `id` int(11) NOT NULL AUTO_INCREMENT, AUTO_INCREMENT=14;

--
-- AUTO_INCREMENT de tabela `estado`
--
ALTER TABLE `estado`
  MODIFY `id` int(11) NOT NULL AUTO_INCREMENT, AUTO_INCREMENT=28;

--
-- AUTO_INCREMENT de tabela `funcionario`
--
ALTER TABLE `funcionario`
  MODIFY `id` int(11) NOT NULL AUTO_INCREMENT, AUTO_INCREMENT=30;

--
-- AUTO_INCREMENT de tabela `produto`
--
ALTER TABLE `produto`
  MODIFY `id` int(11) NOT NULL AUTO_INCREMENT, AUTO_INCREMENT=75;

--
-- AUTO_INCREMENT de tabela `raça`
--
ALTER TABLE `raça`
  MODIFY `id` int(11) NOT NULL AUTO_INCREMENT, AUTO_INCREMENT=40;

--
-- AUTO_INCREMENT de tabela `situação`
--
ALTER TABLE `situação`
  MODIFY `id` int(11) NOT NULL AUTO_INCREMENT, AUTO_INCREMENT=4;

--
-- AUTO_INCREMENT de tabela `tipo_atendimento`
--
ALTER TABLE `tipo_atendimento`
  MODIFY `id` int(11) NOT NULL AUTO_INCREMENT, AUTO_INCREMENT=6;

--
-- AUTO_INCREMENT de tabela `venda_produto`
--
ALTER TABLE `venda_produto`
  MODIFY `id` int(11) NOT NULL AUTO_INCREMENT, AUTO_INCREMENT=401;

--
-- Restrições para tabelas despejadas
--

--
-- Restrições para tabelas `animal`
--
ALTER TABLE `animal`
  ADD CONSTRAINT `animal_ibfk_1` FOREIGN KEY (`id_cliente`) REFERENCES `cliente` (`id`),
  ADD CONSTRAINT `animal_ibfk_2` FOREIGN KEY (`id_especie`) REFERENCES `especie` (`id`);

--
-- Restrições para tabelas `atendimento`
--
ALTER TABLE `atendimento`
  ADD CONSTRAINT `fk_atendimento1` FOREIGN KEY (`id_animal`) REFERENCES `animal` (`id`),
  ADD CONSTRAINT `fk_atendimento2` FOREIGN KEY (`id_funcionario`) REFERENCES `funcionario` (`id`),
  ADD CONSTRAINT `fk_atendimento3` FOREIGN KEY (`id_atendimento`) REFERENCES `tipo_atendimento` (`id`),
  ADD CONSTRAINT `fk_atendimento4` FOREIGN KEY (`id_situacao`) REFERENCES `situação` (`id`);

--
-- Restrições para tabelas `cidade`
--
ALTER TABLE `cidade`
  ADD CONSTRAINT `cidade_ibfk_1` FOREIGN KEY (`id_uf`) REFERENCES `estado` (`id`);

--
-- Restrições para tabelas `cliente`
--
ALTER TABLE `cliente`
  ADD CONSTRAINT `cliente_ibfk_1` FOREIGN KEY (`id_cidade`) REFERENCES `cidade` (`id`);

--
-- Restrições para tabelas `funcionario`
--
ALTER TABLE `funcionario`
  ADD CONSTRAINT `funcionario_ibfk_1` FOREIGN KEY (`id_cargo`) REFERENCES `cargo` (`id`);

--
-- Restrições para tabelas `produto`
--
ALTER TABLE `produto`
  ADD CONSTRAINT `fk_produto` FOREIGN KEY (`id_especie`) REFERENCES `especie` (`id`);

--
-- Restrições para tabelas `raça`
--
ALTER TABLE `raça`
  ADD CONSTRAINT `raça_ibfk_1` FOREIGN KEY (`id_especie`) REFERENCES `especie` (`id`);

--
-- Restrições para tabelas `venda_produto`
--
ALTER TABLE `venda_produto`
  ADD CONSTRAINT `fk_venda_produto1` FOREIGN KEY (`id_cliente`) REFERENCES `cliente` (`id`),
  ADD CONSTRAINT `fk_venda_produto2` FOREIGN KEY (`id_produto`) REFERENCES `produto` (`id`);
COMMIT;

/*!40101 SET CHARACTER_SET_CLIENT=@OLD_CHARACTER_SET_CLIENT */;
/*!40101 SET CHARACTER_SET_RESULTS=@OLD_CHARACTER_SET_RESULTS */;
/*!40101 SET COLLATION_CONNECTION=@OLD_COLLATION_CONNECTION */;
