-- phpMyAdmin SQL Dump
-- version 5.2.1
-- https://www.phpmyadmin.net/
--
-- Host: 127.0.0.1
-- Tempo de geração: 29/11/2023 às 03:34
-- Versão do servidor: 10.4.28-MariaDB
-- Versão do PHP: 8.2.4

SET SQL_MODE = "NO_AUTO_VALUE_ON_ZERO";
START TRANSACTION;
SET time_zone = "+00:00";


/*!40101 SET @OLD_CHARACTER_SET_CLIENT=@@CHARACTER_SET_CLIENT */;
/*!40101 SET @OLD_CHARACTER_SET_RESULTS=@@CHARACTER_SET_RESULTS */;
/*!40101 SET @OLD_COLLATION_CONNECTION=@@COLLATION_CONNECTION */;
/*!40101 SET NAMES utf8mb4 */;

--
-- Banco de dados: `projeto bd petshop`
--

-- --------------------------------------------------------

--
-- Estrutura para tabela `animais`
--

CREATE TABLE `animais` (
  `animal_id` int(11) NOT NULL,
  `nome` varchar(255) DEFAULT NULL,
  `especie` varchar(255) DEFAULT NULL,
  `raca` varchar(255) DEFAULT NULL,
  `cliente_id` int(11) DEFAULT NULL
) ENGINE=InnoDB DEFAULT CHARSET=utf8mb4 COLLATE=utf8mb4_general_ci;

--
-- Despejando dados para a tabela `animais`
--

INSERT INTO `animais` (`animal_id`, `nome`, `especie`, `raca`, `cliente_id`) VALUES
(1, 'Max', 'Cachorro', 'Labrador', 86),
(2, 'Nick', 'Pato', 'Desconhecido', 60),
(3, 'Nala', 'Coelho', 'Holland Lop', 34),
(4, 'Boris', 'Coelho', 'Holland Lop', 3),
(5, 'Mia', 'Iguana', 'Desconhecido', 51),
(6, 'Negão', 'Coelho', 'Lionhead', 85),
(7, 'Lara', 'Hamster', 'Desconhecido', 36),
(8, 'Rocky', 'Hamster', 'Desconhecido', 69),
(9, 'Max', 'Gato', 'Siamese', 13),
(10, 'Spike', 'Coelho', 'Mini Lion', 98),
(11, 'Boris', 'Cobra', 'Desconhecido', 33),
(12, 'Nala', 'Iguana', 'Desconhecido', 40),
(13, 'Bidu', 'Furão', 'Desconhecido', 44),
(14, 'Zé', 'Cachorro', 'Bulldog', 51),
(15, 'Maggie', 'Gato', 'Sphynx', 72),
(16, 'Marie', 'Pássaro', 'Periquito', 6),
(17, 'Tommy', 'Gato', 'Bengal', 23),
(18, 'Amy', 'Porquinho da Índia', 'Desconhecido', 20),
(19, 'Nina', 'Chinchila', 'Desconhecido', 67),
(20, 'Laika', 'Coelho', 'Angorá', 77),
(21, 'Lady', 'Hamster', 'Desconhecido', 71),
(22, 'Tom', 'Cachorro', 'Pitbul', 60),
(23, 'Max', 'Peixe', 'Ciclídeo', 99),
(24, 'Mila', 'Chinchila', 'Desconhecido', 88),
(25, 'Spike', 'Porquinho da Índia', 'Desconhecido', 96),
(26, 'Charlotte', 'Furão', 'Desconhecido', 51),
(27, 'Fred', 'Cachorro', 'Poodle', 16),
(28, 'Gaya', 'Tartaruga', 'Desconhecido', 51),
(29, 'Sofie', 'Cachorro', 'Bulldog Francês', 14),
(30, 'Chico', 'Cobra', 'Desconhecido', 8),
(31, 'Lana', 'Cachorro', 'Pincher', 46),
(32, 'Tiffany', 'Tartaruga', 'Desconhecido', 45),
(33, 'Romeu', 'Pato', 'Desconhecido', 39),
(34, 'Duque', 'Coelho', 'Holland Lop', 52),
(35, 'Lana', 'Hamster', 'Desconhecido', 96),
(36, 'Elvis', 'Furão', 'Desconhecido', 29),
(37, 'Billy', 'Iguana', 'Desconhecido', 12),
(38, 'Sofie', 'Iguana', 'Desconhecido', 100),
(39, 'Barth', 'Coelho', 'Lionhead', 16),
(40, 'Pedrita', 'Iguana', 'Desconhecido', 10),
(41, 'Vida', 'Peixe', 'Molinésia', 78),
(42, 'Cherry', 'Pato', 'Desconhecido', 54),
(43, 'Pingo', 'Cachorro', 'Poodle', 75),
(44, 'Lupi', 'Pato', 'Desconhecido', 90),
(45, 'Zeca', 'Cobra', 'Desconhecido', 4),
(46, 'Toby', 'Cachorro', 'Pitbul', 93),
(47, 'Toddy', 'Pássaro', 'Papagaio', 12),
(48, 'Romeu', 'Cobra', 'Desconhecido', 92),
(49, 'Rocky', 'Coelho', 'Holandês', 12),
(50, 'Brutus', 'Chinchila', 'Desconhecido', 99),
(51, 'Kiko', 'Peixe', 'Molinésia', 58),
(52, 'Fiona', 'Tartaruga', 'Desconhecido', 47),
(53, 'Ted', 'Tartaruga', 'Desconhecido', 37),
(54, 'Cacau', 'Cachorro', 'Chihuahua', 15),
(55, 'Bidu', 'Peixe', 'Beta', 75),
(56, 'Hulk', 'Furão', 'Desconhecido', 10),
(57, 'Tiffany', 'Furão', 'Desconhecido', 41),
(58, 'Kate', 'Iguana', 'Desconhecido', 66),
(59, 'Cacau', 'Pássaro', 'Canário', 30),
(60, 'Chanel', 'Cobra', 'Desconhecido', 90),
(61, 'Ruby', 'Peixe', 'Discus', 87),
(62, 'Tiffany', 'Chinchila', 'Desconhecido', 78),
(63, 'Teka', 'Coelho', 'Flandres', 54),
(64, 'Toddy', 'Hamster', 'Desconhecido', 67),
(65, 'Cherry', 'Hamster', 'Desconhecido', 68),
(66, 'Duque', 'Iguana', 'Desconhecido', 27),
(67, 'Charlie', 'Cobra', 'Desconhecido', 93),
(68, 'Nico', 'Iguana', 'Desconhecido', 4),
(69, 'Belinha', 'Gato', 'British Shorthair', 97),
(70, 'Lilica', 'Cachorro', 'Chihuahua', 46),
(71, 'Pandora', 'Cachorro', 'Schnauzer', 69),
(72, 'Loki', 'Cachorro', 'Bulldog', 3),
(73, 'Zé', 'Cachorro', 'Labrador', 40),
(74, 'Tobby', 'Tartaruga', 'Desconhecido', 30),
(75, 'Hannah', 'Cachorro', 'Poodle', 9),
(76, 'Simba', 'Gato', 'Siamês', 53),
(77, 'Gucci', 'Cachorro', 'Chihuahua', 90),
(78, 'Nick', 'Coelho', 'Lionhead', 79),
(79, 'Toddy', 'Furão', 'Desconhecido', 61),
(80, 'Bolinha', 'Chinchila', 'Desconhecido', 40),
(81, 'Totó', 'Pato', 'Desconhecido', 13),
(82, 'Laika', 'Cobra', 'Desconhecido', 56),
(83, 'Bolota', 'Pato', 'Desconhecido', 97),
(84, 'Sophia', 'Chinchila', 'Desconhecido', 80),
(85, 'Zé', 'Pato', 'Desconhecido', 48),
(86, 'Totó', 'Pato', 'Desconhecido', 55),
(87, 'Zeca', 'Gato', 'Persa', 35),
(88, 'Zeca', 'Pássaro', 'Canário', 50),
(89, 'Frida', 'Hamster', 'Desconhecido', 83),
(90, 'Mike', 'Cobra', 'Desconhecido', 60),
(91, 'Zé', 'Tartaruga', 'Desconhecido', 13),
(92, 'Apolo', 'Pato', 'Desconhecido', 87),
(93, 'Sushi', 'Chinchila', 'Desconhecido', 25),
(94, 'Bella', 'Coelho', 'Holland Lop', 27),
(95, 'Anne', 'Iguana', 'Desconhecido', 100),
(96, 'Nala', 'Chinchila', 'Desconhecido', 3),
(97, 'Luke', 'Pato', 'Desconhecido', 41),
(98, 'Max', 'Peixe', 'Guppy', 63),
(99, 'Nala', 'Tartaruga', 'Desconhecido', 61),
(100, 'Amora', 'Coelho', 'Mini Lion', 87),
(101, 'Cookie', 'Cobra', 'Desconhecido', 2),
(102, 'Valentina', 'Pássaro', 'Cacatua', 59),
(103, 'Pucca', 'Hamster', 'Desconhecido', 84),
(104, 'Manu', 'Furão', 'Desconhecido', 11),
(105, 'Luke', 'Iguana', 'Desconhecido', 78),
(106, 'Bebel', 'Peixe', 'Guppy', 29),
(107, 'Tommy', 'Pássaro', 'Agapornis', 7),
(108, 'Bolota', 'Cachorro', 'Pitbul', 25),
(109, 'Toddy', 'Peixe', 'Molinésia', 65),
(110, 'Pingo', 'Porquinho da Índia', 'Desconhecido', 68),
(111, 'Romeu', 'Pato', 'Desconhecido', 55),
(112, 'Pandora', 'Porquinho da Índia', 'Desconhecido', 20),
(113, 'Kyra', 'Gato', 'Siamese', 33),
(114, 'Max', 'Peixe', 'Ciclídeo', 7),
(115, 'Kika', 'Cobra', 'Desconhecido', 54),
(116, 'Valentina', 'Tartaruga', 'Desconhecido', 54),
(117, 'Snow', 'Pássaro', 'Canário', 90),
(118, 'Frida', 'Furão', 'Desconhecido', 45),
(119, 'Fiona', 'Porquinho da Índia', 'Desconhecido', 88),
(120, 'Amy', 'Pássaro', 'Cacatua', 58),
(121, 'Amora', 'Iguana', 'Desconhecido', 66),
(122, 'Eros', 'Cachorro', 'Chihuahua', 94),
(123, 'Manu', 'Tartaruga', 'Desconhecido', 66),
(124, 'Dom', 'Coelho', 'Holandês', 97),
(125, 'Tiffany', 'Porquinho da Índia', 'Desconhecido', 50),
(126, 'Pandora', 'Pássaro', 'Cacatua', 40),
(127, 'Anne', 'Porquinho da Índia', 'Desconhecido', 30),
(128, 'Bob', 'Chinchila', 'Desconhecido', 26),
(129, 'Duda', 'Peixe', 'Tetra', 78),
(130, 'Tom', 'Peixe', 'Beta', 18),
(131, 'Maya', 'Cobra', 'Desconhecido', 64),
(132, 'Kiko', 'Pato', 'Desconhecido', 56),
(133, 'Nina', 'Pato', 'Desconhecido', 33),
(134, 'Hulk', 'Tartaruga', 'Desconhecido', 5),
(135, 'Kiara', 'Gato', 'Ragdoll', 45),
(136, 'Tobby', 'Pato', 'Desconhecido', 100),
(137, 'Bolinha', 'Tartaruga', 'Desconhecido', 35),
(138, 'Rocky', 'Cachorro', 'Pincher', 8),
(139, 'Manu', 'Tartaruga', 'Desconhecido', 74),
(140, 'Luli', 'Furão', 'Desconhecido', 67),
(141, 'Gucci', 'Pato', 'Desconhecido', 58),
(142, 'Boris', 'Gato', 'Persa', 99),
(143, 'Shakira', 'Furão', 'Desconhecido', 64),
(144, 'Nala', 'Tartaruga', 'Desconhecido', 54),
(145, 'Chloé', 'Cachorro', 'Schnauzer', 38),
(146, 'Teka', 'Cachorro', 'Bulldog', 81),
(147, 'Sofie', 'Porquinho da Índia', 'Desconhecido', 93),
(148, 'Marry', 'Cobra', 'Desconhecido', 10),
(149, 'Woody', 'Tartaruga', 'Desconhecido', 28),
(150, 'Belinha', 'Chinchila', 'Desconhecido', 11);

-- --------------------------------------------------------

--
-- Estrutura para tabela `atendimentos`
--

CREATE TABLE `atendimentos` (
  `atendimento_id` int(11) NOT NULL,
  `animal_id` int(11) DEFAULT NULL,
  `funcionario_id` int(11) DEFAULT NULL,
  `data_atendimento` date DEFAULT NULL,
  `tipo_atendimento_id` int(11) DEFAULT NULL,
  `hora_inicio` time DEFAULT NULL,
  `hora_final` time DEFAULT NULL
) ENGINE=InnoDB DEFAULT CHARSET=utf8mb4 COLLATE=utf8mb4_general_ci;

--
-- Despejando dados para a tabela `atendimentos`
--

INSERT INTO `atendimentos` (`atendimento_id`, `animal_id`, `funcionario_id`, `data_atendimento`, `tipo_atendimento_id`, `hora_inicio`, `hora_final`) VALUES
(201, 60, 9, '2016-08-25', 1, '12:03:00', '14:16:00'),
(202, 64, 7, '2022-08-14', 1, '09:42:00', '12:41:00'),
(203, 38, 17, '2014-03-13', 2, '08:14:00', '10:50:00'),
(204, 63, 4, '2018-07-10', 5, '09:31:00', '10:30:00'),
(205, 17, 10, '2013-12-09', 1, '09:47:00', '10:25:00'),
(206, 66, 6, '2020-01-13', 5, '08:09:00', '08:37:00'),
(207, 128, 4, '2023-04-13', 5, '11:31:00', '13:30:00'),
(208, 115, 20, '2017-05-31', 4, '08:00:00', '10:16:00'),
(209, 27, 8, '2018-03-02', 1, '14:53:00', '17:16:00'),
(210, 55, 11, '2021-07-16', 3, '11:09:00', '12:33:00'),
(211, 37, 8, '2019-01-04', 1, '13:27:00', '14:07:00'),
(212, 138, 10, '2023-11-13', 1, '14:36:00', '15:12:00'),
(213, 56, 8, '2022-05-10', 1, '13:35:00', '14:16:00'),
(214, 55, 9, '2023-08-30', 1, '08:46:00', '11:14:00'),
(215, 8, 5, '2020-02-21', 5, '12:45:00', '14:14:00'),
(216, 119, 19, '2016-05-13', 4, '13:22:00', '15:28:00'),
(217, 99, 10, '2018-12-06', 1, '08:58:00', '10:50:00'),
(218, 94, 17, '2017-03-25', 3, '09:18:00', '10:10:00'),
(219, 31, 9, '2023-09-12', 1, '12:45:00', '14:13:00'),
(220, 11, 7, '2017-08-05', 1, '08:58:00', '11:16:00'),
(221, 55, 8, '2021-01-01', 1, '13:18:00', '13:50:00'),
(222, 17, 10, '2023-06-18', 1, '13:53:00', '16:27:00'),
(223, 94, 15, '2019-05-05', 3, '09:28:00', '11:11:00'),
(224, 32, 13, '2017-03-23', 3, '08:15:00', '10:06:00'),
(225, 145, 10, '2020-09-08', 1, '14:21:00', '17:05:00'),
(226, 139, 7, '2022-01-25', 1, '13:57:00', '14:56:00'),
(227, 125, 10, '2022-02-10', 1, '10:27:00', '11:02:00'),
(228, 27, 6, '2022-01-19', 5, '13:32:00', '15:02:00'),
(229, 57, 5, '2017-07-29', 5, '12:37:00', '15:35:00'),
(230, 99, 8, '2022-09-30', 1, '12:58:00', '13:27:00'),
(231, 36, 15, '2022-07-27', 2, '11:45:00', '14:20:00'),
(232, 17, 6, '2015-09-14', 5, '14:48:00', '17:06:00'),
(233, 103, 16, '2015-06-30', 3, '12:05:00', '12:30:00'),
(234, 18, 5, '2017-10-20', 5, '13:29:00', '15:38:00'),
(235, 118, 9, '2014-12-09', 1, '08:44:00', '11:00:00'),
(236, 96, 12, '2016-03-31', 4, '12:48:00', '14:19:00'),
(237, 100, 6, '2014-02-15', 5, '13:56:00', '16:20:00'),
(238, 19, 18, '2021-06-30', 2, '14:18:00', '16:54:00'),
(239, 9, 17, '2021-09-02', 3, '08:52:00', '10:45:00'),
(240, 137, 5, '2022-03-22', 5, '12:07:00', '13:07:00'),
(241, 100, 20, '2023-09-26', 4, '11:35:00', '13:03:00'),
(242, 59, 10, '2014-11-02', 1, '08:24:00', '09:20:00'),
(243, 82, 4, '2017-06-04', 5, '13:14:00', '15:15:00'),
(244, 30, 5, '2020-10-18', 5, '12:42:00', '15:29:00'),
(245, 86, 4, '2014-05-27', 5, '14:10:00', '16:30:00'),
(246, 120, 4, '2023-02-25', 5, '13:59:00', '16:09:00'),
(247, 12, 4, '2023-10-14', 5, '10:31:00', '12:08:00'),
(248, 94, 11, '2023-06-13', 4, '08:07:00', '10:20:00'),
(249, 116, 11, '2014-10-23', 4, '12:51:00', '14:24:00'),
(250, 80, 19, '2022-02-28', 3, '11:55:00', '12:32:00'),
(251, 77, 4, '2016-01-16', 5, '08:18:00', '09:17:00'),
(252, 134, 10, '2019-10-22', 1, '09:23:00', '10:56:00'),
(253, 114, 12, '2021-07-09', 4, '09:42:00', '12:31:00'),
(254, 16, 10, '2022-05-16', 1, '12:57:00', '13:47:00'),
(255, 130, 11, '2013-12-08', 4, '12:01:00', '14:25:00'),
(256, 55, 19, '2017-02-02', 4, '13:20:00', '15:48:00'),
(257, 134, 8, '2018-06-16', 1, '13:21:00', '15:29:00'),
(258, 101, 5, '2018-10-05', 5, '11:50:00', '13:15:00'),
(259, 107, 6, '2023-01-21', 5, '12:25:00', '12:54:00'),
(260, 40, 4, '2018-04-10', 5, '09:16:00', '11:53:00'),
(261, 27, 5, '2020-06-24', 5, '09:42:00', '11:00:00'),
(262, 80, 6, '2023-05-15', 5, '10:10:00', '10:54:00'),
(263, 85, 20, '2014-10-02', 4, '12:06:00', '15:05:00'),
(264, 147, 8, '2023-06-22', 1, '12:17:00', '13:27:00'),
(265, 138, 9, '2019-04-29', 1, '10:12:00', '12:03:00'),
(266, 95, 12, '2022-05-24', 3, '09:13:00', '09:54:00'),
(267, 77, 6, '2020-11-13', 5, '13:09:00', '16:08:00'),
(268, 124, 9, '2018-01-26', 1, '12:47:00', '14:17:00'),
(269, 125, 8, '2015-12-09', 1, '09:31:00', '11:50:00'),
(270, 24, 14, '2021-05-21', 3, '13:43:00', '14:12:00'),
(271, 139, 10, '2018-12-30', 1, '13:07:00', '14:47:00'),
(272, 22, 6, '2014-10-05', 5, '11:31:00', '14:04:00'),
(273, 129, 5, '2023-05-11', 5, '11:54:00', '14:42:00'),
(274, 45, 17, '2016-09-12', 3, '11:27:00', '12:39:00'),
(275, 45, 6, '2020-02-10', 5, '09:00:00', '10:02:00'),
(276, 146, 10, '2020-08-25', 1, '12:09:00', '13:58:00'),
(277, 148, 8, '2016-12-15', 1, '08:58:00', '10:54:00'),
(278, 50, 19, '2021-05-31', 3, '12:27:00', '13:08:00'),
(279, 40, 16, '2022-05-26', 3, '12:47:00', '15:12:00'),
(280, 67, 4, '2021-02-14', 5, '14:05:00', '15:14:00'),
(281, 7, 19, '2021-07-23', 3, '08:32:00', '11:17:00'),
(282, 20, 20, '2018-04-05', 3, '11:50:00', '13:45:00'),
(283, 68, 18, '2020-08-12', 3, '12:11:00', '13:33:00'),
(284, 61, 6, '2019-07-12', 5, '14:18:00', '16:09:00'),
(285, 17, 8, '2018-01-13', 1, '10:04:00', '12:00:00'),
(286, 128, 18, '2022-11-05', 4, '12:31:00', '13:07:00'),
(287, 132, 10, '2022-02-17', 1, '10:55:00', '13:06:00'),
(288, 78, 7, '2017-07-29', 1, '08:15:00', '10:45:00'),
(289, 72, 5, '2018-08-11', 5, '11:02:00', '14:02:00'),
(290, 49, 8, '2020-08-12', 1, '14:48:00', '16:46:00'),
(291, 149, 12, '2014-03-19', 2, '09:52:00', '11:59:00'),
(292, 59, 19, '2016-06-02', 2, '13:28:00', '14:48:00'),
(293, 11, 20, '2021-10-22', 4, '10:03:00', '11:34:00'),
(294, 51, 7, '2018-06-08', 1, '12:43:00', '14:49:00'),
(295, 110, 19, '2014-05-23', 2, '13:07:00', '15:48:00'),
(296, 116, 7, '2017-04-28', 1, '12:53:00', '15:08:00'),
(297, 132, 4, '2015-12-30', 5, '09:36:00', '11:09:00'),
(298, 113, 17, '2023-07-13', 4, '11:54:00', '14:01:00'),
(299, 137, 11, '2019-09-17', 2, '13:14:00', '14:04:00'),
(300, 98, 5, '2019-02-11', 5, '10:01:00', '11:27:00'),
(301, 28, 14, '2022-02-25', 3, '10:44:00', '12:18:00'),
(302, 91, 5, '2014-06-07', 5, '10:27:00', '12:20:00'),
(303, 5, 18, '2023-08-26', 3, '09:03:00', '12:00:00'),
(304, 13, 12, '2018-02-10', 4, '08:55:00', '11:27:00'),
(305, 98, 13, '2017-12-18', 3, '14:46:00', '17:45:00'),
(306, 73, 18, '2023-03-25', 3, '09:18:00', '11:35:00'),
(307, 33, 18, '2018-12-21', 2, '11:00:00', '12:44:00'),
(308, 134, 8, '2018-07-24', 1, '12:24:00', '14:50:00'),
(309, 13, 16, '2014-09-23', 2, '14:51:00', '15:32:00'),
(310, 104, 10, '2018-10-26', 1, '08:52:00', '09:36:00'),
(311, 18, 16, '2014-11-18', 4, '08:20:00', '11:16:00'),
(312, 113, 5, '2014-02-06', 5, '14:52:00', '16:10:00'),
(313, 54, 5, '2016-06-26', 5, '08:18:00', '09:21:00'),
(314, 137, 7, '2016-09-22', 1, '09:51:00', '12:05:00'),
(315, 24, 19, '2021-09-24', 2, '14:55:00', '16:59:00'),
(316, 52, 7, '2021-05-06', 1, '08:44:00', '11:32:00'),
(317, 69, 19, '2022-02-22', 3, '12:06:00', '14:14:00'),
(318, 52, 14, '2023-04-13', 2, '11:55:00', '12:52:00'),
(319, 78, 8, '2013-12-22', 1, '13:53:00', '16:18:00'),
(320, 134, 17, '2023-01-05', 2, '14:30:00', '15:39:00'),
(321, 17, 10, '2019-04-23', 1, '13:03:00', '14:40:00'),
(322, 90, 5, '2020-05-30', 5, '08:40:00', '10:54:00'),
(323, 7, 5, '2016-01-26', 5, '13:30:00', '16:19:00'),
(324, 56, 15, '2017-07-06', 4, '13:38:00', '14:50:00'),
(325, 52, 6, '2020-06-25', 5, '11:27:00', '12:08:00'),
(326, 26, 20, '2017-11-06', 4, '13:25:00', '15:15:00'),
(327, 147, 8, '2018-05-18', 1, '14:13:00', '16:08:00'),
(328, 122, 9, '2021-02-02', 1, '14:28:00', '16:55:00'),
(329, 133, 14, '2023-03-13', 4, '12:26:00', '15:07:00'),
(330, 142, 17, '2016-12-04', 4, '14:34:00', '15:56:00'),
(331, 84, 10, '2015-06-02', 1, '10:51:00', '11:43:00'),
(332, 15, 10, '2021-04-19', 1, '10:18:00', '11:34:00'),
(333, 74, 4, '2019-12-22', 5, '12:12:00', '13:42:00'),
(334, 15, 10, '2018-10-06', 1, '09:46:00', '11:26:00'),
(335, 44, 7, '2020-02-06', 1, '13:16:00', '16:01:00'),
(336, 80, 5, '2017-07-24', 5, '08:31:00', '11:12:00'),
(337, 53, 20, '2022-08-11', 2, '11:53:00', '12:35:00'),
(338, 45, 5, '2014-06-13', 5, '13:06:00', '13:50:00'),
(339, 39, 8, '2016-10-01', 1, '10:19:00', '12:12:00'),
(340, 7, 4, '2023-01-08', 5, '12:24:00', '15:08:00'),
(341, 132, 5, '2015-06-28', 5, '11:16:00', '12:52:00'),
(342, 23, 7, '2017-12-01', 1, '11:32:00', '13:22:00'),
(343, 98, 11, '2015-08-22', 3, '11:28:00', '12:17:00'),
(344, 30, 7, '2018-09-12', 1, '14:48:00', '17:33:00'),
(345, 21, 18, '2021-11-14', 3, '12:44:00', '14:24:00'),
(346, 119, 6, '2020-08-26', 5, '13:51:00', '16:28:00'),
(347, 124, 6, '2018-03-20', 5, '13:17:00', '15:50:00'),
(348, 147, 4, '2017-06-29', 5, '11:01:00', '12:35:00'),
(349, 77, 5, '2015-01-15', 5, '14:15:00', '16:10:00'),
(350, 99, 7, '2021-09-02', 1, '10:29:00', '10:55:00'),
(351, 73, 8, '2020-10-19', 1, '14:47:00', '17:13:00'),
(352, 85, 6, '2015-01-19', 5, '12:03:00', '13:28:00'),
(353, 117, 5, '2022-08-09', 5, '09:47:00', '10:18:00'),
(354, 99, 4, '2015-12-13', 5, '10:07:00', '12:49:00'),
(355, 46, 10, '2022-10-19', 1, '09:27:00', '11:47:00'),
(356, 69, 4, '2017-03-06', 5, '10:17:00', '12:05:00'),
(357, 53, 17, '2015-08-01', 4, '10:44:00', '12:35:00'),
(358, 27, 6, '2021-12-10', 5, '14:11:00', '14:42:00'),
(359, 85, 4, '2016-12-23', 5, '14:41:00', '15:17:00'),
(360, 84, 15, '2014-02-04', 2, '14:17:00', '15:46:00'),
(361, 41, 6, '2014-08-10', 5, '11:02:00', '12:43:00'),
(362, 115, 8, '2023-07-20', 1, '09:24:00', '11:42:00'),
(363, 73, 9, '2020-09-18', 1, '10:11:00', '13:03:00'),
(364, 19, 14, '2014-10-20', 3, '14:45:00', '15:21:00'),
(365, 45, 8, '2015-10-05', 1, '14:11:00', '15:02:00'),
(366, 62, 9, '2020-12-25', 1, '08:54:00', '11:36:00'),
(367, 79, 4, '2020-12-05', 5, '08:26:00', '09:19:00'),
(368, 88, 15, '2020-10-03', 2, '12:38:00', '13:03:00'),
(369, 63, 5, '2020-12-29', 5, '11:40:00', '12:39:00'),
(370, 66, 5, '2014-03-31', 5, '11:54:00', '13:01:00'),
(371, 82, 7, '2016-11-16', 1, '08:00:00', '09:05:00'),
(372, 116, 10, '2014-10-21', 1, '12:41:00', '14:37:00'),
(373, 96, 18, '2022-02-19', 3, '13:27:00', '16:12:00'),
(374, 83, 4, '2023-05-24', 5, '10:39:00', '12:15:00'),
(375, 47, 16, '2013-12-23', 4, '08:49:00', '09:33:00'),
(376, 107, 7, '2021-08-23', 1, '08:51:00', '10:10:00'),
(377, 113, 5, '2015-09-01', 5, '08:33:00', '10:10:00'),
(378, 112, 5, '2018-01-24', 5, '11:45:00', '13:11:00'),
(379, 36, 8, '2014-12-21', 1, '10:55:00', '12:17:00'),
(380, 104, 15, '2013-12-23', 2, '14:16:00', '16:37:00'),
(381, 86, 5, '2021-07-17', 5, '10:49:00', '13:31:00'),
(382, 125, 9, '2015-03-06', 1, '10:42:00', '12:54:00'),
(383, 21, 11, '2016-02-26', 2, '11:00:00', '12:56:00'),
(384, 126, 5, '2018-02-25', 5, '09:14:00', '09:47:00'),
(385, 100, 6, '2022-01-26', 5, '09:35:00', '10:00:00'),
(386, 14, 11, '2017-05-29', 2, '14:29:00', '16:08:00'),
(387, 131, 7, '2018-10-17', 1, '14:35:00', '17:16:00'),
(388, 8, 20, '2022-09-12', 2, '10:50:00', '12:34:00'),
(389, 9, 9, '2019-05-23', 1, '13:03:00', '14:31:00'),
(390, 149, 9, '2020-10-17', 1, '09:06:00', '09:39:00'),
(391, 112, 10, '2019-09-26', 1, '12:27:00', '15:00:00'),
(392, 44, 9, '2017-06-08', 1, '11:45:00', '12:53:00'),
(393, 72, 8, '2022-04-27', 1, '13:41:00', '14:38:00'),
(394, 49, 4, '2015-02-07', 5, '08:29:00', '09:50:00'),
(395, 140, 6, '2018-11-23', 5, '14:19:00', '15:12:00'),
(396, 118, 12, '2016-11-19', 2, '09:48:00', '12:23:00'),
(397, 88, 17, '2019-04-21', 3, '14:53:00', '15:23:00'),
(398, 114, 5, '2014-10-26', 5, '09:02:00', '09:50:00'),
(399, 31, 5, '2014-05-11', 5, '14:44:00', '16:31:00'),
(400, 79, 7, '2015-01-02', 1, '13:59:00', '14:40:00');

-- --------------------------------------------------------

--
-- Estrutura para tabela `cargo`
--

CREATE TABLE `cargo` (
  `cargo_id` int(11) NOT NULL,
  `nome_cargo` varchar(50) DEFAULT NULL
) ENGINE=InnoDB DEFAULT CHARSET=utf8mb4 COLLATE=utf8mb4_general_ci;

--
-- Despejando dados para a tabela `cargo`
--

INSERT INTO `cargo` (`cargo_id`, `nome_cargo`) VALUES
(1, 'Recepcionista'),
(2, 'Cirurgião'),
(3, 'Profissional de consulta'),
(4, 'Profissional de Banho e Tosa'),
(5, 'Serviços Gerais'),
(6, 'Recreador');

-- --------------------------------------------------------

--
-- Estrutura para tabela `clientes`
--

CREATE TABLE `clientes` (
  `cliente_id` int(11) NOT NULL,
  `nome` varchar(255) DEFAULT NULL,
  `cidade` varchar(255) DEFAULT NULL,
  `estado` varchar(2) DEFAULT NULL,
  `telefone` varchar(15) DEFAULT NULL
) ENGINE=InnoDB DEFAULT CHARSET=utf8mb4 COLLATE=utf8mb4_general_ci;

--
-- Despejando dados para a tabela `clientes`
--

INSERT INTO `clientes` (`cliente_id`, `nome`, `cidade`, `estado`, `telefone`) VALUES
(1, 'João Pedro', 'Salvador', 'BA', '283591670'),
(2, 'Eduardo', 'Recife', 'PE', '192678523'),
(3, 'Caleb', 'Curitiba', 'PR', '330195107'),
(4, 'Caio', 'Belo Horizonte', 'MG', '143657881'),
(5, 'Pietro', 'Recife', 'PE', '246334947'),
(6, 'Théo', 'Salvador', 'BA', '490901061'),
(7, 'Lorenzo', 'Curitiba', 'PR', '473683324'),
(8, 'Lucas', 'Brasília', 'DF', '239106426'),
(9, 'João Lucas', 'Recife', 'PE', '666743524'),
(10, 'Ana Liz', 'Brasília', 'DF', '613746787'),
(11, 'Davi', 'Belo Horizonte', 'MG', '348971701'),
(12, 'Samuel', 'Rio de Janeiro', 'RJ', '952995972'),
(13, 'Eloá', 'Porto Alegre', 'RS', '278461757'),
(14, 'Alícia', 'Brasília', 'DF', '627631934'),
(15, 'Clara', 'Belo Horizonte', 'MG', '935038656'),
(16, 'Joaõ Miguel', 'Fortaleza', 'CE', '132535477'),
(17, 'Anthony', 'Porto Alegre', 'RS', '878434733'),
(18, 'Caio', 'Curitiba', 'PR', '637333490'),
(19, 'Catarina', 'Salvador', 'BA', '235373751'),
(20, 'Rebecca', 'Rio de Janeiro', 'RJ', '416898108'),
(21, 'Leonardo', 'São Paulo', 'SP', '508195885'),
(22, 'Isis', 'Salvador', 'BA', '736917412'),
(23, 'Luna', 'Fortaleza', 'CE', '376728779'),
(24, 'Bernardo', 'Rio de Janeiro', 'RJ', '487879622'),
(25, 'Arthur', 'Salvador', 'BA', '270256586'),
(26, 'João Pedro', 'Salvador', 'BA', '513891641'),
(27, 'Maria', 'Fortaleza', 'CE', '244502843'),
(28, 'Ana Clara', 'Rio de Janeiro', 'RJ', '131031419'),
(29, 'Lavínia', 'Brasília', 'DF', '631753359'),
(30, 'Pedro Henrique', 'Belo Horizonte', 'MG', '450813517'),
(31, 'Rafael', 'São Paulo', 'SP', '388376364'),
(32, 'Gabriel', 'Belo Horizonte', 'MG', '856761072'),
(33, 'Maria Júlia', 'Rio de Janeiro', 'RJ', '770243567'),
(34, 'Gustavo', 'Rio de Janeiro', 'RJ', '357829011'),
(35, 'Vicente', 'Belo Horizonte', 'MG', '673641697'),
(36, 'Lívia', 'Recife', 'PE', '270885199'),
(37, 'Joaquim', 'Fortaleza', 'CE', '440011156'),
(38, 'Maria', 'Brasília', 'DF', '799465017'),
(39, 'Bento', 'São Paulo', 'SP', '235060014'),
(40, 'Beatriz', 'Recife', 'PE', '312525930'),
(41, 'Isis', 'Brasília', 'DF', '521860853'),
(42, 'Pedro', 'Recife', 'PE', '357194689'),
(43, 'Laura', 'Belo Horizonte', 'MG', '670803511'),
(44, 'Laura', 'Belo Horizonte', 'MG', '317242839'),
(45, 'Nicolas', 'Brasília', 'DF', '961285562'),
(46, 'Maria Cecília', 'Brasília', 'DF', '994729629'),
(47, 'Valentina', 'Salvador', 'BA', '463338556'),
(48, 'Heloísa', 'Curitiba', 'PR', '820564135'),
(49, 'Caio', 'Recife', 'PE', '102529529'),
(50, 'Maitê', 'Brasília', 'DF', '440743873'),
(51, 'Rebecca', 'Salvador', 'BA', '947543988'),
(52, 'Rebecca', 'Curitiba', 'PR', '445937978'),
(53, 'Heloísa', 'Rio de Janeiro', 'RJ', '345715590'),
(54, 'Valentina', 'Recife', 'PE', '709394831'),
(55, 'Pietro', 'Salvador', 'BA', '428210238'),
(56, 'Gabriel', 'Salvador', 'BA', '876249808'),
(57, 'Isadora', 'São Paulo', 'SP', '178025941'),
(58, 'Ayla', 'Fortaleza', 'CE', '657337343'),
(59, 'Caleb', 'Curitiba', 'PR', '474973648'),
(60, 'Antônio', 'Belo Horizonte', 'MG', '955789838'),
(61, 'Arthur', 'Porto Alegre', 'RS', '795277422'),
(62, 'Clara', 'Fortaleza', 'CE', '679377698'),
(63, 'Maria Eduarda', 'Belo Horizonte', 'MG', '829628364'),
(64, 'Heloísa', 'Fortaleza', 'CE', '934443235'),
(65, 'Pietro', 'Porto Alegre', 'RS', '197747157'),
(66, 'Gustavo', 'Brasília', 'DF', '887717414'),
(67, 'Maria Clara', 'Curitiba', 'PR', '461099557'),
(68, 'Ayla', 'Rio de Janeiro', 'RJ', '192841874'),
(69, 'Davi', 'Rio de Janeiro', 'RJ', '728891726'),
(70, 'Laura', 'Rio de Janeiro', 'RJ', '807440287'),
(71, 'Caleb', 'Belo Horizonte', 'MG', '103706590'),
(72, 'Heloísa', 'São Paulo', 'SP', '586633969'),
(73, 'Maria Helena', 'São Paulo', 'SP', '886311794'),
(74, 'Ana Clara', 'Belo Horizonte', 'MG', '511042302'),
(75, 'Helena', 'Salvador', 'BA', '466829545'),
(76, 'Pedro Henrique', 'Fortaleza', 'CE', '869569816'),
(77, 'Catarina', 'Salvador', 'BA', '853018386'),
(78, 'Catarina', 'Porto Alegre', 'RS', '764400291'),
(79, 'Joaquim', 'Recife', 'PE', '397824339'),
(80, 'Emanuel', 'Rio de Janeiro', 'RJ', '447879142'),
(81, 'Benício', 'Salvador', 'BA', '387940157'),
(82, 'Valentina', 'Belo Horizonte', 'MG', '921536681'),
(83, 'Isabella', 'Brasília', 'DF', '559016640'),
(84, 'Aurora', 'Recife', 'PE', '871031196'),
(85, 'Heloísa', 'Fortaleza', 'CE', '357048327'),
(86, 'Joaõ Miguel', 'Salvador', 'BA', '672753345'),
(87, 'Joaõ Miguel', 'Rio de Janeiro', 'RJ', '296315372'),
(88, 'Arthur', 'São Paulo', 'SP', '139521719'),
(89, 'Heloísa', 'Belo Horizonte', 'MG', '528171610'),
(90, 'Levi', 'Curitiba', 'PR', '646623099'),
(91, 'Anthony', 'Rio de Janeiro', 'RJ', '655869800'),
(92, 'Gustavo', 'Curitiba', 'PR', '849263117'),
(93, 'Ayla', 'Porto Alegre', 'RS', '226281469'),
(94, 'Benício', 'São Paulo', 'SP', '644659832'),
(95, 'João Lucas', 'Belo Horizonte', 'MG', '343747373'),
(96, 'Maria Eduarda', 'Fortaleza', 'CE', '840608693'),
(97, 'Emanuel', 'Rio de Janeiro', 'RJ', '437881540'),
(98, 'Antonella', 'Porto Alegre', 'RS', '629136001'),
(99, 'Lorenzo', 'Brasília', 'DF', '238158652'),
(100, 'João', 'Fortaleza', 'CE', '183060976');

-- --------------------------------------------------------

--
-- Estrutura para tabela `funcionarios`
--

CREATE TABLE `funcionarios` (
  `funcionario_id` int(11) NOT NULL,
  `nome` varchar(255) DEFAULT NULL,
  `cargo_id` int(11) DEFAULT NULL
) ENGINE=InnoDB DEFAULT CHARSET=utf8mb4 COLLATE=utf8mb4_general_ci;

--
-- Despejando dados para a tabela `funcionarios`
--

INSERT INTO `funcionarios` (`funcionario_id`, `nome`, `cargo_id`) VALUES
(1, 'Juliana', 1),
(2, 'Mário', 1),
(3, 'Pedro', 1),
(4, 'Geovana', 2),
(5, 'Raissa', 2),
(6, 'José', 2),
(7, 'Alfredo', 3),
(8, 'Batista', 3),
(9, 'Kauã', 3),
(10, 'Jucelia', 3),
(11, 'Sandro', 4),
(12, 'Matheus', 4),
(13, 'Jair', 4),
(14, 'Yasmin', 4),
(15, 'Kaiane', 4),
(16, 'Josuel', 4),
(17, 'Iara', 4),
(18, 'Lucas', 4),
(19, 'Stephanie', 4),
(20, 'Rogério', 4),
(21, 'Andreia', 5),
(22, 'Bruna', 5),
(23, 'Agatha', 5),
(24, 'Afonso', 5),
(25, 'Enzo', 5),
(26, 'Hairla', 5),
(27, 'Yuri', 5),
(28, 'Sergio', 6),
(29, 'Paulo', 6);

-- --------------------------------------------------------

--
-- Estrutura para tabela `produtos`
--

CREATE TABLE `produtos` (
  `produto_id` int(11) NOT NULL,
  `nome_produto` varchar(255) DEFAULT NULL,
  `Preço` decimal(10,2) DEFAULT NULL
) ENGINE=InnoDB DEFAULT CHARSET=utf8mb4 COLLATE=utf8mb4_general_ci;

--
-- Despejando dados para a tabela `produtos`
--

INSERT INTO `produtos` (`produto_id`, `nome_produto`, `Preço`) VALUES
(1, 'Ração de Cachorro 1kg', 20.00),
(2, 'Ração de Pato 1kg', 25.99),
(3, 'Ração de Iguana 1kg', 18.50),
(4, 'Ração de Porquinho da Índia 1kg', 15.99),
(5, 'Ração de Coelho 1kg', 22.75),
(6, 'Ração de Chinchila 1kg', 20.00),
(7, 'Ração de Furão 1kg', 24.99),
(8, 'Ração de Gato 1kg', 19.99),
(9, 'Ração de Cobra 1kg', 29.99),
(10, 'Ração de Hamster 1kg', 12.99),
(11, 'Ração de Tartaruga 1kg', 17.50),
(12, 'Ração de Pássaro 1kg', 14.99),
(13, 'Brinquedo para Cachorro', 15.99),
(14, 'Brinquedo para Cachorro (Grande)', 19.99),
(15, 'Coleira para Gato', 12.50),
(16, 'Coleira para Gato (Médio)', 15.99),
(17, 'Coleira para Gato (Grande)', 18.50),
(18, 'Caixa de Areia para Gato', 24.99),
(19, 'Caixa de Areia para Gato (Média)', 29.99),
(20, 'Caixa de Areia para Gato (Grande)', 34.99),
(21, 'Shampoo para Banho de Cachorro (300ml)', 8.99),
(22, 'Shampoo para Banho de Cachorro (500ml)', 12.99),
(23, 'Shampoo para Banho de Gato (300ml)', 9.99),
(24, 'Shampoo para Banho de Gato (500ml)', 14.99),
(25, 'Areia Sanitária para Gato (5kg)', 19.50),
(26, 'Areia Sanitária para Gato (10kg)', 34.99),
(27, 'Comedouro para Pássaro', 7.50),
(28, 'Bebedouro Automático para Cachorro (Médio)', 29.99),
(29, 'Bebedouro Automático para Cachorro (Grande)', 39.99),
(30, 'Escova para Cachorro (Média)', 11.99),
(31, 'Escova para Cachorro (Grande)', 14.99),
(32, 'Casinha para Hamster', 19.99),
(33, 'Bebedouro para Gato (Pequeno)', 12.50),
(34, 'Brinquedo para Gato', 14.99),
(35, 'Escova para Gato', 9.99),
(36, 'Roupa para Cachorro (Pequeno)', 17.50),
(37, 'Roupa para Cachorro (Médio)', 21.99),
(38, 'Roupa para Gato', 18.50),
(39, 'Guia Retrátil para Cachorro (Médio)', 28.99),
(40, 'Guia Retrátil para Cachorro (Grande)', 32.99),
(41, 'Comedouro para Coelho', 15.99),
(42, 'Bebedouro para Coelho', 18.99),
(43, 'Areia para Banho de Chinchila', 22.50),
(44, 'Brinquedo para Pássaro', 8.99),
(45, 'Bebedouro para Pássaro', 11.50),
(46, 'Coleira para Cachorro (Pequeno)', 10.99),
(47, 'Caixa de Transporte para Gato', 27.50),
(48, 'Brinquedo para Hamster', 6.99),
(49, 'Guia para Gato', 15.99),
(50, 'Comedouro Automático para Cachorro (Grande)', 42.99),
(51, 'Comedouro Automático para Gato', 34.99),
(52, 'Cama para Cachorro (Médio)', 39.99),
(53, 'Coleira para Cachorro (Grande)', 14.99),
(54, 'Brinquedo para Cachorro (Grande)', 22.50),
(55, 'Shampoo para Gato', 12.99),
(56, 'Caixa de Areia para Gato', 16.50),
(57, 'Escova para Cachorro', 8.99),
(58, 'Comedouro para Gato', 11.50),
(59, 'Areia para Banho de Hamster', 9.50),
(60, 'Bebedouro para Hamster', 7.99),
(61, 'Coleira para Gato', 9.99),
(62, 'Arranhador para Gato', 29.99),
(63, 'Comedouro Automático para Coelho', 36.50),
(64, 'Brinquedo para Pássaro (Grande)', 12.99),
(65, 'Bebedouro para Pássaro (Grande)', 15.50),
(66, 'Casinha para Coelho', 27.99),
(67, 'Tigela para Comida de Gato', 8.50),
(68, 'Brinquedo para Chinchila', 10.99),
(69, 'Roupa para Cachorro (Grande)', 25.50),
(70, 'Comedouro para Pássaro (Pequeno)', 9.99),
(71, 'Bebedouro para Pássaro (Pequeno)', 12.50),
(72, 'Brinquedo para Cachorro (Pequeno)', 14.99),
(73, 'Casinha para Pássaro', 19.50),
(74, 'Bebedouro Automático para Gato', 22.99);

-- --------------------------------------------------------

--
-- Estrutura para tabela `tipo_atendimento`
--

CREATE TABLE `tipo_atendimento` (
  `tipo_atendimento_id` int(11) NOT NULL,
  `nome` varchar(50) DEFAULT NULL,
  `Tempo_Previsto_atendimento` time DEFAULT NULL,
  `valor_atendimento` double DEFAULT NULL
) ENGINE=InnoDB DEFAULT CHARSET=utf8mb4 COLLATE=utf8mb4_general_ci;

--
-- Despejando dados para a tabela `tipo_atendimento`
--

INSERT INTO `tipo_atendimento` (`tipo_atendimento_id`, `nome`, `Tempo_Previsto_atendimento`, `valor_atendimento`) VALUES
(1, 'Consulta', '00:40:00', 150),
(2, 'Banho', '00:30:00', 70),
(3, 'Tosa', '00:25:00', 50),
(4, 'Banho e Tosa', '00:55:00', 100),
(5, 'Cirurgia', '03:00:00', 2200);

-- --------------------------------------------------------

--
-- Estrutura para tabela `vendasprodutos`
--

CREATE TABLE `vendasprodutos` (
  `venda_produto_id` int(11) NOT NULL,
  `produto_id` int(11) DEFAULT NULL,
  `cliente_id` int(11) DEFAULT NULL,
  `quantidade` int(11) DEFAULT NULL,
  `data_venda` date DEFAULT NULL,
  `valor_venda` double DEFAULT NULL
) ENGINE=InnoDB DEFAULT CHARSET=utf8mb4 COLLATE=utf8mb4_general_ci;

--
-- Despejando dados para a tabela `vendasprodutos`
--

INSERT INTO `vendasprodutos` (`venda_produto_id`, `produto_id`, `cliente_id`, `quantidade`, `data_venda`, `valor_venda`) VALUES
(1, 12, 71, 4, '2020-10-01', 59.96),
(2, 39, 14, 3, '2015-05-31', 86.97),
(3, 56, 69, 7, '2020-10-04', 115.5),
(4, 66, 24, 2, '2018-01-03', 55.98),
(5, 6, 93, 6, '2019-08-31', 120),
(6, 68, 33, 1, '2023-09-07', 10.99),
(7, 57, 35, 6, '2016-07-13', 53.94),
(8, 30, 63, 10, '2021-02-27', 119.9),
(9, 22, 80, 6, '2015-04-03', 77.94),
(10, 16, 88, 5, '2017-03-18', 79.95),
(11, 35, 43, 10, '2015-07-02', 99.9),
(12, 63, 73, 2, '2022-08-22', 73),
(13, 64, 13, 5, '2021-05-02', 64.95),
(14, 15, 17, 7, '2016-12-26', 87.5),
(15, 69, 51, 3, '2021-10-08', 76.5),
(16, 25, 44, 10, '2020-02-22', 195),
(17, 40, 34, 7, '2020-10-31', 230.93),
(18, 45, 61, 2, '2020-07-28', 23),
(19, 46, 50, 6, '2018-12-29', 65.94),
(20, 34, 32, 3, '2016-01-03', 44.97),
(21, 61, 98, 6, '2022-09-12', 59.94),
(22, 34, 77, 10, '2021-04-02', 149.9),
(23, 44, 89, 9, '2016-08-18', 80.91),
(24, 10, 89, 10, '2017-07-31', 129.9),
(25, 38, 78, 2, '2015-06-23', 37),
(26, 67, 73, 7, '2023-09-04', 59.5),
(27, 11, 77, 7, '2016-04-28', 122.5),
(28, 74, 31, 5, '2023-06-10', 114.95),
(29, 44, 12, 4, '2015-08-08', 35.96),
(30, 39, 21, 8, '2015-05-04', 231.92),
(31, 57, 25, 1, '2017-09-11', 8.99),
(32, 61, 24, 6, '2023-07-25', 59.94),
(33, 73, 79, 2, '2017-03-14', 39),
(34, 50, 68, 9, '2016-09-26', 386.91),
(35, 64, 23, 8, '2015-01-18', 103.92),
(36, 55, 37, 2, '2021-05-17', 25.98),
(37, 51, 83, 3, '2022-06-05', 104.97),
(38, 35, 16, 1, '2014-12-13', 9.99),
(39, 29, 61, 5, '2014-05-09', 199.95),
(40, 8, 20, 4, '2023-08-12', 79.96),
(41, 15, 60, 6, '2016-09-18', 75),
(42, 12, 3, 3, '2019-08-13', 44.97),
(43, 9, 100, 10, '2023-06-11', 299.9),
(44, 34, 66, 1, '2017-07-27', 14.99),
(45, 37, 43, 3, '2015-03-16', 65.97),
(46, 5, 94, 5, '2023-06-23', 113.75),
(47, 3, 14, 6, '2022-01-08', 111),
(48, 67, 39, 3, '2023-02-23', 25.5),
(49, 54, 90, 9, '2019-11-02', 202.5),
(50, 50, 12, 5, '2023-09-21', 214.95),
(51, 3, 92, 2, '2015-03-21', 37),
(52, 73, 32, 8, '2019-09-07', 156),
(53, 37, 15, 8, '2023-04-03', 175.92),
(54, 14, 12, 4, '2021-08-04', 79.96),
(55, 74, 24, 4, '2019-03-16', 91.96),
(56, 9, 37, 5, '2021-11-13', 149.95),
(57, 25, 1, 5, '2014-02-20', 97.5),
(58, 63, 75, 4, '2023-10-28', 146),
(59, 50, 85, 10, '2022-11-05', 429.9),
(60, 5, 7, 5, '2016-09-04', 113.75),
(61, 53, 39, 1, '2020-01-13', 14.99),
(62, 26, 27, 2, '2021-10-04', 69.98),
(63, 7, 27, 6, '2019-09-15', 149.94),
(64, 51, 42, 7, '2014-12-03', 244.93),
(65, 64, 3, 5, '2020-05-25', 64.95),
(66, 19, 64, 5, '2018-07-22', 149.95),
(67, 4, 63, 7, '2018-03-24', 111.93),
(68, 21, 99, 5, '2020-11-10', 44.95),
(69, 52, 27, 8, '2023-04-11', 319.92),
(70, 60, 60, 6, '2022-08-12', 47.94),
(71, 22, 44, 5, '2014-12-19', 64.95),
(72, 18, 64, 5, '2018-05-21', 124.95),
(73, 49, 68, 1, '2017-10-14', 15.99),
(74, 35, 33, 9, '2018-04-10', 89.91),
(75, 31, 28, 2, '2018-02-10', 29.98),
(76, 43, 82, 7, '2023-06-07', 157.5),
(77, 57, 22, 1, '2022-12-30', 8.99),
(78, 66, 11, 10, '2019-11-19', 279.9),
(79, 37, 61, 4, '2014-08-18', 87.96),
(80, 71, 61, 4, '2019-07-03', 50),
(81, 70, 46, 4, '2019-02-27', 39.96),
(82, 53, 16, 8, '2021-05-10', 119.92),
(83, 25, 5, 7, '2015-11-04', 136.5),
(84, 56, 20, 2, '2019-09-28', 33),
(85, 72, 82, 4, '2016-05-26', 59.96),
(86, 53, 47, 2, '2022-09-20', 29.98),
(87, 22, 97, 4, '2019-09-14', 51.96),
(88, 49, 58, 8, '2022-06-13', 127.92),
(89, 15, 27, 3, '2017-04-13', 37.5),
(90, 52, 97, 5, '2019-12-31', 199.95),
(91, 29, 23, 2, '2018-07-21', 79.98),
(92, 71, 89, 10, '2020-08-19', 125),
(93, 44, 52, 2, '2019-10-24', 17.98),
(94, 42, 76, 6, '2014-11-03', 113.94),
(95, 70, 43, 1, '2017-01-03', 9.99),
(96, 32, 89, 9, '2018-03-10', 179.91),
(97, 35, 9, 9, '2022-11-15', 89.91),
(98, 15, 42, 9, '2014-06-20', 112.5),
(99, 42, 63, 5, '2020-06-07', 94.95),
(100, 70, 11, 3, '2023-10-22', 29.97),
(101, 37, 50, 2, '2019-09-29', 43.98),
(102, 33, 46, 2, '2014-11-04', 25),
(103, 65, 49, 7, '2016-08-03', 108.5),
(104, 44, 97, 5, '2014-06-30', 44.95),
(105, 19, 74, 1, '2015-10-20', 29.99),
(106, 24, 3, 3, '2019-02-27', 44.97),
(107, 67, 13, 3, '2021-07-14', 25.5),
(108, 56, 88, 5, '2016-12-04', 82.5),
(109, 74, 99, 7, '2021-07-10', 160.93),
(110, 59, 8, 2, '2023-11-07', 19),
(111, 64, 95, 10, '2020-06-26', 129.9),
(112, 54, 13, 9, '2015-03-28', 202.5),
(113, 50, 9, 1, '2022-05-16', 42.99),
(114, 20, 51, 8, '2022-09-06', 279.92),
(115, 66, 78, 3, '2018-01-17', 83.97),
(116, 42, 70, 3, '2022-06-25', 56.97),
(117, 13, 63, 5, '2022-06-22', 79.95),
(118, 44, 86, 8, '2021-10-06', 71.92),
(119, 12, 60, 3, '2019-06-27', 44.97),
(120, 23, 13, 1, '2021-07-06', 9.99),
(121, 18, 100, 9, '2014-06-30', 224.91),
(122, 3, 51, 3, '2015-08-10', 55.5),
(123, 41, 28, 7, '2019-01-18', 111.93),
(124, 73, 49, 6, '2017-05-11', 117),
(125, 72, 76, 6, '2017-03-21', 89.94),
(126, 18, 19, 10, '2021-07-01', 249.9),
(127, 41, 43, 5, '2017-03-05', 79.95),
(128, 38, 52, 1, '2021-10-28', 18.5),
(129, 22, 36, 7, '2016-08-19', 90.93),
(130, 44, 78, 8, '2015-06-18', 71.92),
(131, 60, 25, 10, '2016-01-06', 79.9),
(132, 69, 99, 1, '2020-02-18', 25.5),
(133, 61, 4, 7, '2019-08-30', 69.93),
(134, 24, 10, 5, '2019-05-22', 74.95),
(135, 50, 1, 2, '2016-03-12', 85.98),
(136, 14, 73, 2, '2023-10-19', 39.98),
(137, 71, 43, 10, '2015-03-01', 125),
(138, 63, 61, 2, '2017-01-07', 73),
(139, 68, 24, 7, '2022-05-13', 76.93),
(140, 1, 7, 7, '2016-03-10', 140),
(141, 25, 12, 7, '2015-11-22', 136.5),
(142, 73, 70, 1, '2020-12-28', 19.5),
(143, 33, 49, 2, '2018-08-12', 25),
(144, 22, 61, 10, '2019-06-06', 129.9),
(145, 59, 21, 10, '2019-02-01', 95),
(146, 29, 16, 8, '2015-12-19', 319.92),
(147, 67, 32, 10, '2023-11-16', 85),
(148, 26, 7, 4, '2020-03-27', 139.96),
(149, 68, 12, 6, '2020-12-03', 65.94),
(150, 37, 85, 4, '2018-02-16', 87.96),
(151, 53, 20, 8, '2017-11-18', 119.92),
(152, 67, 84, 8, '2017-09-04', 68),
(153, 17, 31, 1, '2017-07-05', 18.5),
(154, 22, 27, 9, '2020-02-02', 116.91),
(155, 24, 86, 6, '2016-04-05', 89.94),
(156, 73, 91, 9, '2018-04-01', 175.5),
(157, 59, 30, 5, '2023-10-20', 47.5),
(158, 4, 94, 10, '2023-04-03', 159.9),
(159, 72, 19, 10, '2020-06-14', 149.9),
(160, 55, 82, 10, '2017-12-19', 129.9),
(161, 48, 93, 10, '2014-08-17', 69.9),
(162, 16, 49, 1, '2016-04-06', 15.99),
(163, 13, 90, 9, '2017-11-17', 143.91),
(164, 58, 35, 10, '2022-09-16', 115),
(165, 25, 69, 8, '2018-02-09', 156),
(166, 48, 74, 1, '2020-05-01', 6.99),
(167, 41, 40, 8, '2014-04-11', 127.92),
(168, 46, 42, 6, '2016-03-31', 65.94),
(169, 50, 38, 7, '2016-08-18', 300.93),
(170, 67, 97, 2, '2016-02-22', 17),
(171, 35, 11, 2, '2021-02-19', 19.98),
(172, 4, 85, 6, '2013-12-04', 95.94),
(173, 59, 74, 10, '2015-07-28', 95),
(174, 28, 6, 8, '2021-10-29', 239.92),
(175, 9, 66, 9, '2015-12-17', 269.91),
(176, 20, 100, 10, '2019-07-18', 349.9),
(177, 53, 44, 4, '2023-11-07', 59.96),
(178, 66, 83, 4, '2017-01-25', 111.96),
(179, 20, 69, 3, '2018-11-21', 104.97),
(180, 3, 23, 8, '2022-03-17', 148),
(181, 43, 52, 1, '2014-09-28', 22.5),
(182, 54, 45, 10, '2014-08-19', 225),
(183, 68, 14, 1, '2016-10-08', 10.99),
(184, 32, 39, 6, '2017-07-24', 119.94),
(185, 67, 35, 5, '2016-10-02', 42.5),
(186, 39, 87, 8, '2015-08-17', 231.92),
(187, 53, 44, 9, '2015-05-03', 134.91),
(188, 22, 82, 1, '2016-07-11', 12.99),
(189, 54, 22, 1, '2019-02-15', 22.5),
(190, 64, 90, 7, '2020-03-09', 90.93),
(191, 3, 49, 2, '2017-06-15', 37),
(192, 74, 73, 5, '2018-03-24', 114.95),
(193, 40, 34, 7, '2015-05-17', 230.93),
(194, 16, 39, 10, '2017-09-22', 159.9),
(195, 31, 43, 8, '2021-11-02', 119.92),
(196, 45, 70, 6, '2018-03-07', 69),
(197, 7, 12, 10, '2023-09-05', 249.9),
(198, 63, 82, 10, '2016-05-18', 365),
(199, 9, 84, 1, '2018-01-03', 29.99),
(200, 36, 11, 4, '2021-12-01', 70);

--
-- Índices para tabelas despejadas
--

--
-- Índices de tabela `animais`
--
ALTER TABLE `animais`
  ADD PRIMARY KEY (`animal_id`),
  ADD KEY `cliente_id` (`cliente_id`);

--
-- Índices de tabela `atendimentos`
--
ALTER TABLE `atendimentos`
  ADD PRIMARY KEY (`atendimento_id`),
  ADD KEY `animal_id` (`animal_id`),
  ADD KEY `funcionario_id` (`funcionario_id`),
  ADD KEY `tipo_atendimento_id` (`tipo_atendimento_id`);

--
-- Índices de tabela `cargo`
--
ALTER TABLE `cargo`
  ADD PRIMARY KEY (`cargo_id`);

--
-- Índices de tabela `clientes`
--
ALTER TABLE `clientes`
  ADD PRIMARY KEY (`cliente_id`);

--
-- Índices de tabela `funcionarios`
--
ALTER TABLE `funcionarios`
  ADD PRIMARY KEY (`funcionario_id`),
  ADD KEY `fk_cargo_id` (`cargo_id`);

--
-- Índices de tabela `produtos`
--
ALTER TABLE `produtos`
  ADD PRIMARY KEY (`produto_id`);

--
-- Índices de tabela `tipo_atendimento`
--
ALTER TABLE `tipo_atendimento`
  ADD PRIMARY KEY (`tipo_atendimento_id`);

--
-- Índices de tabela `vendasprodutos`
--
ALTER TABLE `vendasprodutos`
  ADD PRIMARY KEY (`venda_produto_id`),
  ADD KEY `produto_id` (`produto_id`),
  ADD KEY `cliente_id` (`cliente_id`);

--
-- AUTO_INCREMENT para tabelas despejadas
--

--
-- AUTO_INCREMENT de tabela `animais`
--
ALTER TABLE `animais`
  MODIFY `animal_id` int(11) NOT NULL AUTO_INCREMENT, AUTO_INCREMENT=151;

--
-- AUTO_INCREMENT de tabela `atendimentos`
--
ALTER TABLE `atendimentos`
  MODIFY `atendimento_id` int(11) NOT NULL AUTO_INCREMENT, AUTO_INCREMENT=401;

--
-- AUTO_INCREMENT de tabela `cargo`
--
ALTER TABLE `cargo`
  MODIFY `cargo_id` int(11) NOT NULL AUTO_INCREMENT, AUTO_INCREMENT=7;

--
-- AUTO_INCREMENT de tabela `clientes`
--
ALTER TABLE `clientes`
  MODIFY `cliente_id` int(11) NOT NULL AUTO_INCREMENT, AUTO_INCREMENT=101;

--
-- AUTO_INCREMENT de tabela `funcionarios`
--
ALTER TABLE `funcionarios`
  MODIFY `funcionario_id` int(11) NOT NULL AUTO_INCREMENT, AUTO_INCREMENT=30;

--
-- AUTO_INCREMENT de tabela `produtos`
--
ALTER TABLE `produtos`
  MODIFY `produto_id` int(11) NOT NULL AUTO_INCREMENT, AUTO_INCREMENT=75;

--
-- AUTO_INCREMENT de tabela `tipo_atendimento`
--
ALTER TABLE `tipo_atendimento`
  MODIFY `tipo_atendimento_id` int(11) NOT NULL AUTO_INCREMENT, AUTO_INCREMENT=6;

--
-- AUTO_INCREMENT de tabela `vendasprodutos`
--
ALTER TABLE `vendasprodutos`
  MODIFY `venda_produto_id` int(11) NOT NULL AUTO_INCREMENT, AUTO_INCREMENT=201;

--
-- Restrições para tabelas despejadas
--

--
-- Restrições para tabelas `animais`
--
ALTER TABLE `animais`
  ADD CONSTRAINT `animais_ibfk_1` FOREIGN KEY (`cliente_id`) REFERENCES `clientes` (`cliente_id`);

--
-- Restrições para tabelas `atendimentos`
--
ALTER TABLE `atendimentos`
  ADD CONSTRAINT `atendimentos_ibfk_1` FOREIGN KEY (`animal_id`) REFERENCES `animais` (`animal_id`),
  ADD CONSTRAINT `atendimentos_ibfk_2` FOREIGN KEY (`funcionario_id`) REFERENCES `funcionarios` (`funcionario_id`),
  ADD CONSTRAINT `atendimentos_ibfk_3` FOREIGN KEY (`tipo_atendimento_id`) REFERENCES `tipo_atendimento` (`tipo_atendimento_id`);

--
-- Restrições para tabelas `funcionarios`
--
ALTER TABLE `funcionarios`
  ADD CONSTRAINT `fk_cargo_id` FOREIGN KEY (`cargo_id`) REFERENCES `cargo` (`cargo_id`);

--
-- Restrições para tabelas `vendasprodutos`
--
ALTER TABLE `vendasprodutos`
  ADD CONSTRAINT `vendasprodutos_ibfk_1` FOREIGN KEY (`produto_id`) REFERENCES `produtos` (`produto_id`),
  ADD CONSTRAINT `vendasprodutos_ibfk_2` FOREIGN KEY (`cliente_id`) REFERENCES `clientes` (`cliente_id`);
COMMIT;

/*!40101 SET CHARACTER_SET_CLIENT=@OLD_CHARACTER_SET_CLIENT */;
/*!40101 SET CHARACTER_SET_RESULTS=@OLD_CHARACTER_SET_RESULTS */;
/*!40101 SET COLLATION_CONNECTION=@OLD_COLLATION_CONNECTION */;
